time_ms,battery_voltage,rssi_dbm,ble_conn_attempts,prime_calc_ms,cpu_cycles,latency_us
2399,4.0119,-44,0,0,0,0
3425,4.01,-42,0,0,0,0
4440,4.0156,-60,0,0,0,0
5456,4.0141,-59,0,0,0,0
6470,4.0181,-64,0,0,0,0
7484,4.0166,-64,0,0,0,0
8498,4.0169,-67,0,0,0,0
9512,4.0153,-63,0,0,0,0
10541,4.0138,-57,0,0,33360,139
11555,4.0156,-59,0,0,33360,139
12570,4.0169,-61,0,0,33360,139
13584,4.0147,-60,0,0,33360,139
14599,4.0156,-59,0,0,33360,139
17382,4.0141,-64,0,7,33360,139
18397,4.0169,-66,0,7,33360,139
19412,4.0169,-63,0,7,33360,139
20427,4.0147,-67,0,7,33360,139
21458,4.0184,-57,0,7,31440,131
22473,4.0178,-54,0,7,31440,131
23488,4.0166,-53,0,7,31440,131
24503,4.0172,-53,0,7,31440,131
25517,4.0178,-55,0,7,31440,131
26531,4.0159,-55,0,7,31440,131
27545,4.0159,-59,0,7,31440,131
28559,4.0169,-57,0,7,31440,131
29573,4.0166,-54,0,7,31440,131
30587,4.0159,-60,0,7,31440,131
32134,4.0138,-62,0,7,24720,103
33149,4.0175,-56,0,7,24720,103
34164,4.0156,-58,0,7,24720,103
35179,4.0147,-57,0,7,24720,103
36194,4.0134,-58,0,7,24720,103
37209,4.0141,-54,0,7,24720,103
38224,4.0141,-61,0,7,24720,103
39238,4.0134,-63,0,7,24720,103
40252,4.0125,-63,0,7,24720,103
41266,4.0141,-66,0,7,24720,103
42293,4.0128,-57,0,7,19920,83
43308,4.0125,-52,0,7,19920,83
44322,4.0131,-52,0,7,19920,83
45336,4.0125,-51,0,7,19920,83
46351,4.0128,-50,0,7,19920,83
47807,4.0091,-56,0,7,19920,83
48822,4.0156,-56,0,7,19920,83
49836,4.0141,-58,0,7,19920,83
50851,4.0138,-62,0,7,19920,83
51866,4.0131,-57,0,7,19920,83
52962,4.0131,-55,0,7,16074960,66979
53977,4.0138,-56,0,7,16074960,66979
54992,4.0138,-55,0,7,16074960,66979
56006,4.0116,-56,0,7,16074960,66979
57020,4.0116,-54,0,7,16074960,66979
58035,4.0116,-55,0,7,16074960,66979
59049,4.0106,-58,0,7,16074960,66979
60064,4.0109,-57,0,7,16074960,66979
61079,4.0103,-58,0,7,16074960,66979
62094,4.0109,-58,0,7,16074960,66979
64018,4.0106,-59,0,7,32017440,133406
65033,4.0106,-57,0,7,32017440,133406
66047,4.0109,-60,0,7,32017440,133406
67061,4.0103,-54,0,7,32017440,133406
68075,4.0106,-55,0,7,32017440,133406
69090,4.0088,-61,0,7,32017440,133406
70105,4.0103,-56,0,7,32017440,133406
71120,4.0097,-57,0,7,32017440,133406
72135,4.0078,-63,0,7,32017440,133406
73150,4.0084,-61,0,7,32017440,133406
74313,4.0109,-58,0,7,31975200,133230
75329,4.0091,-65,0,7,31975200,133230
76344,4.0094,-60,0,7,31975200,133230
77359,4.0047,-63,0,7,31975200,133230
79023,4.0106,-65,0,7,31975200,133230
80038,4.0081,-59,0,7,31975200,133230
81054,4.0094,-59,0,7,31975200,133230
82069,4.0069,-56,0,7,31975200,133230
83084,4.0075,-57,0,7,31975200,133230
84100,4.0078,-58,0,7,31975200,133230
85260,4.0056,-54,0,7,31646160,131859
86276,4.0075,-56,0,7,31646160,131859
87291,4.005,-55,0,7,31646160,131859
88306,4.005,-54,0,7,31646160,131859
89321,4.0063,-53,0,7,31646160,131859
90335,4.0066,-53,0,7,31646160,131859
91349,4.0069,-53,0,7,31646160,131859
92363,4.0072,-56,0,7,31646160,131859
93977,4.0075,-56,0,7,31646160,131859
94993,4.0044,-55,0,7,31646160,131859
96154,4.0053,-56,0,7,31766160,132359
97169,4.005,-55,0,7,31766160,132359
98184,4.0044,-58,0,7,31766160,132359
99198,4.005,-55,0,7,31766160,132359
100213,4.0037,-63,0,7,31766160,132359
101228,4.0056,-59,0,7,31766160,132359
102243,4.0006,-55,0,7,31766160,132359
103258,4.0034,-55,0,7,31766160,132359
104273,4.0037,-64,0,7,31766160,132359
105287,4.0053,-54,0,7,31766160,132359
106447,4.0016,-56,0,7,31773120,132388
107462,4.0022,-53,0,7,31773120,132388
109124,4.0047,-56,0,7,31773120,132388
110140,4.0044,-52,0,7,31773120,132388
111156,4.0009,-53,0,7,31773120,132388
112171,4.0009,-56,0,7,31773120,132388
113186,4.0044,-65,0,7,31773120,132388
114200,4.0025,-52,0,7,31773120,132388
115214,4.0041,-53,0,7,31773120,132388
116228,4.0037,-55,0,7,31773120,132388
117389,4.0006,-56,0,7,32009280,133372
118405,4.0009,-54,0,7,32009280,133372
119419,4.0016,-57,0,7,32009280,133372
120433,4.0016,-53,0,7,32009280,133372
121447,3.9997,-55,0,7,32009280,133372
122461,3.9991,-60,0,7,32009280,133372
123475,4.0013,-56,0,7,32009280,133372
125108,4.0034,-55,0,7,32009280,133372
126123,4.0003,-62,0,7,32009280,133372
127138,3.9997,-59,0,7,32009280,133372
128299,3.9988,-57,0,7,31838880,132662
129314,4.0006,-50,0,7,31838880,132662
130328,3.9991,-52,0,7,31838880,132662
131343,3.9997,-53,0,7,31838880,132662
132358,3.9978,-58,0,7,31838880,132662
133373,3.9984,-56,0,7,31838880,132662
134388,4.0006,-56,0,7,31838880,132662
135406,3.9984,-58,0,7,31838880,132662
136420,3.9997,-52,0,7,31838880,132662
137434,3.9984,-57,0,7,31838880,132662
138595,3.9969,-55,0,7,31887600,132865
140153,4.0,-65,0,7,31887600,132865
141168,3.9975,-61,0,7,31887600,132865
142183,3.9966,-52,0,7,31887600,132865
143198,3.9969,-59,0,7,31887600,132865
144214,3.9981,-61,0,7,31887600,132865
145232,3.9975,-60,0,7,31887600,132865
146246,3.9988,-64,0,7,31887600,132865
147260,3.9959,-59,0,7,31887600,132865
148274,3.9969,-59,0,7,31887600,132865
149435,3.9975,-56,0,7,31910640,132961
150453,3.9963,-54,0,7,31910640,132961
151467,3.9969,-52,0,7,31910640,132961
152481,3.9959,-52,0,7,31910640,132961
153495,3.9947,-60,0,7,31910640,132961
154509,3.9969,-57,0,7,31910640,132961
156240,3.9978,-59,0,7,31910640,132961
157255,3.9963,-55,0,7,31910640,132961
158270,3.9959,-55,0,7,31910640,132961
159285,3.9947,-57,0,7,31910640,132961
160447,3.9956,-72,0,7,32007840,133366
161463,3.9953,-59,0,7,32007840,133366
162477,3.9966,-57,0,7,32007840,133366
163492,3.9953,-67,0,7,32007840,133366
164507,3.9938,-58,0,7,32007840,133366
165522,3.9925,-56,0,7,32007840,133366
166537,3.9956,-64,0,7,32007840,133366
167553,3.9938,-58,0,7,32007840,133366
168568,3.9934,-62,0,7,32007840,133366
169583,3.9944,-61,0,7,32007840,133366
171232,3.9922,-64,0,7,31958880,133162
172247,3.9947,-59,0,7,31958880,133162
173261,3.9938,-57,0,7,31958880,133162
174275,3.9916,-53,0,7,31958880,133162
175289,3.9931,-53,0,7,31958880,133162
176304,3.9928,-69,0,7,31958880,133162
177319,3.9944,-70,0,7,31958880,133162
178334,3.9934,-65,0,7,31958880,133162
179349,3.9913,-68,0,7,31958880,133162
180364,3.9922,-68,0,7,31958880,133162
181527,3.9931,-62,0,7,31933920,133058
182543,3.9922,-72,0,7,31933920,133058
183558,3.9916,-62,0,7,31933920,133058
184573,3.9906,-62,0,7,31933920,133058
185588,3.9903,-62,0,7,31933920,133058
187193,3.9925,-68,0,7,31933920,133058
188208,3.9906,-65,0,7,31933920,133058
189222,3.9919,-62,0,7,31933920,133058
190237,3.9916,-58,0,7,31933920,133058
191251,3.9897,-55,0,7,31933920,133058
192413,3.9913,-59,0,7,31910880,132962
193428,3.99,-55,0,7,31910880,132962
194442,3.9891,-55,0,7,31910880,132962
195457,3.9903,-57,0,7,31910880,132962
196471,3.9916,-57,0,7,31910880,132962
197486,3.9891,-56,0,7,31910880,132962
198501,3.9888,-57,0,7,31910880,132962
199516,3.9878,-59,0,7,31910880,132962
200534,3.9906,-57,0,7,31910880,132962
201551,3.9897,-57,0,7,31910880,132962
203312,3.9853,-55,0,7,32036160,133484
204328,3.9878,-55,0,7,32036160,133484
205345,3.9866,-55,0,7,32036160,133484
206359,3.9884,-54,0,7,32036160,133484
207373,3.9878,-56,0,7,32036160,133484
208387,3.9872,-54,0,7,32036160,133484
209401,3.9872,-54,0,7,32036160,133484
210415,3.9881,-56,0,7,32036160,133484
211429,3.9888,-54,0,7,32036160,133484
212444,3.985,-68,0,7,32036160,133484
213605,3.9844,-53,0,7,31793040,132471
214620,3.9844,-53,0,7,31793040,132471
215634,3.9838,-54,0,7,31793040,132471
216648,3.9878,-56,0,7,31793040,132471
218182,3.9841,-58,0,7,31793040,132471
219197,3.9841,-58,0,7,31793040,132471
220212,3.9847,-63,0,7,31793040,132471
221227,3.9866,-53,0,7,31793040,132471
222243,3.9838,-58,0,7,31793040,132471
223259,3.9872,-57,0,7,31793040,132471
224420,3.985,-58,0,7,31921440,133006
225436,3.9831,-55,0,7,31921440,133006
226451,3.9834,-62,0,7,31921440,133006
227466,3.9844,-60,0,7,31921440,133006
228483,3.9853,-60,0,7,31921440,133006
229497,3.9847,-66,0,7,31921440,133006
230511,3.985,-65,0,7,31921440,133006
231525,3.9834,-58,0,7,31921440,133006
232539,3.985,-57,0,7,31921440,133006
234062,3.9844,-58,0,7,31921440,133006
235224,3.9853,-58,0,7,32024400,133435
236239,3.985,-58,0,7,32024400,133435
237253,3.9822,-57,0,7,32024400,133435
238267,3.9853,-59,0,7,32024400,133435
239281,3.9841,-59,0,7,32024400,133435
240296,3.9841,-63,0,7,32024400,133435
241311,3.9825,-65,0,7,32024400,133435
242325,3.9831,-57,0,7,32024400,133435
243340,3.9838,-65,0,7,32024400,133435
244355,3.9834,-60,0,7,32024400,133435
245516,3.9841,-62,0,7,31995120,133313
246534,3.9834,-59,0,7,31995120,133313
247549,3.9825,-63,0,7,31995120,133313
249113,3.9806,-61,0,7,31995120,133313
250128,3.9828,-65,0,7,31995120,133313
251143,3.9819,-63,0,7,31995120,133313
252158,3.9819,-65,0,7,31995120,133313
253173,3.9813,-64,0,7,31995120,133313
254192,3.9822,-63,0,7,31995120,133313
255209,3.9828,-61,0,7,31995120,133313
256370,3.9809,-64,0,7,32017680,133407
257386,3.9819,-60,0,7,32017680,133407
258401,3.9797,-58,0,7,32017680,133407
259416,3.9806,-56,0,7,32017680,133407
260431,3.98,-60,0,7,32017680,133407
261445,3.9806,-62,0,7,32017680,133407
262459,3.9781,-57,0,7,32017680,133407
263473,3.98,-63,0,7,32017680,133407
265086,3.9791,-66,0,7,32017680,133407
266101,3.9806,-64,0,7,32017680,133407
267264,3.9791,-58,0,7,31911120,132963
268279,3.9791,-65,0,7,31911120,132963
269293,3.98,-60,0,7,31911120,132963
270307,3.9791,-58,0,7,31911120,132963
271322,3.9772,-55,0,7,31911120,132963
272338,3.9781,-57,0,7,31911120,132963
273354,3.9781,-55,0,7,31911120,132963
274369,3.9794,-57,0,7,31911120,132963
275386,3.9797,-59,0,7,31911120,132963
276400,3.9781,-55,0,7,31911120,132963
277561,3.9806,-56,0,7,31876800,132820
278576,3.9763,-63,0,7,31876800,132820
280343,3.9775,-55,0,7,31876800,132820
281357,3.9769,-62,0,7,31876800,132820
282373,3.9797,-62,0,7,31876800,132820
283388,3.9775,-61,0,7,31876800,132820
284403,3.9784,-60,0,7,31876800,132820
285419,3.9769,-59,0,7,31876800,132820
286434,3.9778,-59,0,7,31876800,132820
287595,3.9747,-57,0,7,31874880,132812
288611,3.9741,-60,0,7,31874880,132812
289626,3.9784,-57,0,7,31874880,132812
290641,3.9759,-54,0,7,31874880,132812
291655,3.9766,-57,0,7,31874880,132812
292669,3.9759,-60,0,7,31874880,132812
293683,3.9766,-58,0,7,31874880,132812
295287,3.9759,-61,0,7,31874880,132812
296303,3.9756,-60,0,7,31874880,132812
297318,3.9753,-55,0,7,31874880,132812
298481,3.9763,-55,0,7,32179920,134083
299498,3.9753,-59,0,7,32179920,134083
300513,3.9756,-60,0,7,32179920,134083
301529,3.975,-64,0,7,32179920,134083
302544,3.9759,-58,0,7,32179920,134083
303559,3.9716,-60,0,7,32179920,134083
304574,3.975,-55,0,7,32179920,134083
305590,3.9731,-54,0,7,32179920,134083
306605,3.9747,-55,0,7,32179920,134083
307619,3.9741,-62,0,7,32179920,134083
308780,3.9725,-64,0,7,31878960,132829
310383,3.9738,-65,0,7,31878960,132829
311398,3.9734,-53,0,7,31878960,132829
312412,3.9728,-59,0,7,31878960,132829
313426,3.9734,-54,0,7,31878960,132829
314441,3.9747,-64,0,7,31878960,132829
315456,3.9731,-58,0,7,31878960,132829
316471,3.9738,-61,0,7,31878960,132829
317486,3.9728,-54,0,7,31878960,132829
318501,3.9722,-60,0,7,31878960,132829
319664,3.9731,-55,0,7,32106960,133779
320680,3.9722,-58,0,7,32106960,133779
321695,3.9709,-62,0,7,32106960,133779
322710,3.9713,-57,0,7,32106960,133779
323725,3.9719,-57,0,7,32106960,133779
324740,3.9716,-54,0,7,32106960,133779
326423,3.9716,-61,0,7,32106960,133779
327439,3.9719,-60,0,7,32106960,133779
328454,3.9709,-57,0,7,32106960,133779
329470,3.9703,-61,0,7,32106960,133779
330633,3.9709,-67,0,7,32034000,133475
331648,3.9713,-57,0,7,32034000,133475
332662,3.9709,-61,0,7,32034000,133475
333677,3.9706,-66,0,7,32034000,133475
334692,3.97,-58,0,7,32034000,133475
335707,3.9694,-64,0,7,32034000,133475
336724,3.9706,-55,0,7,32034000,133475
337738,3.9703,-61,0,7,32034000,133475
338752,3.9694,-50,0,7,32034000,133475
339766,3.9694,-53,0,7,32034000,133475
341415,3.9697,-52,0,7,31805520,132523
342430,3.9697,-50,0,7,31805520,132523
343444,3.9672,-52,0,7,31805520,132523
344459,3.9688,-49,0,7,31805520,132523
345474,3.9703,-54,0,7,31805520,132523
346488,3.9691,-54,0,7,31805520,132523
347503,3.9684,-50,0,7,31805520,132523
348518,3.9694,-51,0,7,31805520,132523
349533,3.9663,-51,0,7,31805520,132523
350550,3.9681,-52,0,7,31805520,132523
351714,3.97,-54,0,7,31847280,132697
352729,3.9691,-52,0,7,31847280,132697
353744,3.9678,-54,0,7,31847280,132697
354759,3.9678,-53,0,7,31847280,132697
355774,3.9691,-54,0,7,31847280,132697
357447,3.9691,-48,0,7,31847280,132697
358462,3.9669,-49,0,7,31847280,132697
359477,3.9669,-52,0,7,31847280,132697
360492,3.9663,-51,0,7,31847280,132697
361508,3.9669,-51,0,7,31847280,132697
362672,3.9681,-52,0,7,32041440,133506
363688,3.9672,-50,0,7,32041440,133506
364703,3.9666,-45,0,7,32041440,133506
365718,3.9653,-49,0,7,32041440,133506
366733,3.9678,-49,0,7,32041440,133506
367748,3.9663,-51,0,7,32041440,133506
368762,3.9669,-51,0,7,32041440,133506
369776,3.9653,-52,0,7,32041440,133506
370790,3.9669,-51,0,7,32041440,133506
372395,3.9669,-51,0,7,32041440,133506
373556,3.9669,-56,0,7,32000400,133335
374571,3.9644,-54,0,7,32000400,133335
375586,3.9656,-52,0,7,32000400,133335
376600,3.9663,-62,0,7,32000400,133335
377615,3.9659,-67,0,7,32000400,133335
378630,3.9644,-56,0,7,32000400,133335
379645,3.9638,-50,0,7,32000400,133335
380660,3.9641,-54,0,7,32000400,133335
381675,3.9641,-57,0,7,32000400,133335
382689,3.9641,-53,0,7,32000400,133335
383849,3.9631,-56,0,7,31811760,132549
384865,3.9628,-58,0,7,31811760,132549
385880,3.9653,-54,0,7,31811760,132549
387753,3.9638,-56,0,7,31811760,132549
388768,3.9641,-54,0,7,31811760,132549
389783,3.9644,-54,0,7,31811760,132549
390799,3.9625,-60,0,7,31811760,132549
391817,3.9644,-55,0,7,31811760,132549
392835,3.9628,-58,0,7,31811760,132549
393997,3.9634,-57,0,7,32011200,133380
395012,3.9638,-56,0,7,32011200,133380
396027,3.96,-55,0,7,32011200,133380
397042,3.9625,-57,0,7,32011200,133380
398058,3.9622,-55,0,7,32011200,133380
399072,3.9625,-64,0,7,32011200,133380
400086,3.9628,-59,0,7,32011200,133380
401100,3.9616,-62,0,7,32011200,133380
402712,3.9622,-53,0,7,32011200,133380
403728,3.9622,-59,0,7,32011200,133380
404891,3.9616,-55,0,7,32006640,133361
405906,3.9609,-65,0,7,32006640,133361
406920,3.9591,-62,0,7,32006640,133361
407934,3.9625,-66,0,7,32006640,133361
408949,3.9622,-57,0,7,32006640,133361
409964,3.9588,-49,0,7,32006640,133361
410979,3.9597,-52,0,7,32006640,133361
411994,3.9597,-52,0,7,32006640,133361
413013,3.9613,-54,0,7,32006640,133361
414027,3.9616,-57,0,7,32006640,133361
415188,3.9616,-54,0,7,31914960,132979
416204,3.9588,-57,0,7,31914960,132979
417764,3.9616,-53,0,7,31914960,132979
418780,3.9619,-55,0,7,31914960,132979
419795,3.9606,-57,0,7,31914960,132979
420810,3.9594,-57,0,7,31914960,132979
421825,3.9581,-55,0,7,31914960,132979
422840,3.9597,-54,0,7,31914960,132979
423854,3.9597,-57,0,7,31914960,132979
424868,3.9597,-57,0,7,31914960,132979
426027,3.9584,-55,0,7,31536240,131401
427044,3.9597,-55,0,7,31536240,131401
428060,3.9594,-55,0,7,31536240,131401
429074,3.9581,-56,0,7,31536240,131401
430089,3.9588,-58,0,7,31536240,131401
431104,3.9578,-48,0,7,31536240,131401
432119,3.9581,-57,0,7,31536240,131401
433731,3.9566,-57,0,7,31536240,131401
434747,3.9575,-54,0,7,31536240,131401
435762,3.9563,-57,0,7,31536240,131401
436925,3.9572,-60,0,7,32247120,134363
437941,3.9569,-58,0,7,32247120,134363
438955,3.9575,-58,0,7,32247120,134363
439970,3.9588,-54,0,7,32247120,134363
440985,3.9575,-55,0,7,32247120,134363
442000,3.9556,-56,0,7,32247120,134363
443016,3.9566,-59,0,7,32247120,134363
444030,3.9575,-56,0,7,32247120,134363
445044,3.9569,-58,0,7,32247120,134363
446058,3.9563,-61,0,7,32247120,134363
447218,3.9581,-57,0,7,31825680,132607
448791,3.9556,-59,0,7,31825680,132607
449806,3.9566,-57,0,7,31825680,132607
450821,3.9541,-56,0,7,31825680,132607
451836,3.9541,-55,0,7,31825680,132607
452851,3.9559,-55,0,7,31825680,132607
453866,3.9563,-58,0,7,31825680,132607
454880,3.955,-60,0,7,31825680,132607
455894,3.9563,-57,0,7,31825680,132607
456908,3.9541,-62,0,7,31825680,132607
458069,3.9547,-58,0,7,32011680,133382
459087,3.9531,-58,0,7,32011680,133382
460101,3.9544,-54,0,7,32011680,133382
461115,3.9559,-56,0,7,32011680,133382
462129,3.9547,-53,0,7,32011680,133382
463143,3.9534,-57,0,7,32011680,133382
464767,3.9547,-55,0,7,32011680,133382
465781,3.9538,-52,0,7,32011680,133382
466796,3.9547,-53,0,7,32011680,133382
467811,3.9516,-54,0,7,32011680,133382
468974,3.9541,-54,0,7,32144640,133936
469989,3.955,-55,0,7,32144640,133936
471004,3.9525,-53,0,7,32144640,133936
472019,3.9534,-56,0,7,32144640,133936
473034,3.9519,-56,0,7,32144640,133936
474049,3.9503,-58,0,7,32144640,133936
475064,3.9525,-54,0,7,32144640,133936
476078,3.9525,-57,0,7,32144640,133936
477092,3.9522,-57,0,7,32144640,133936
478106,3.9531,-58,0,7,32144640,133936
479267,3.9525,-55,0,7,31965840,133191
480942,3.9516,-54,0,7,31965840,133191
481958,3.9522,-59,0,7,31965840,133191
482973,3.9531,-56,0,7,31965840,133191
483988,3.9516,-53,0,7,31965840,133191
485003,3.9531,-56,0,7,31965840,133191
486019,3.9525,-54,0,7,31965840,133191
487033,3.9503,-54,0,7,31965840,133191
488047,3.9519,-52,0,7,31965840,133191
489061,3.9516,-53,0,7,31965840,133191
490222,3.9516,-55,0,7,32015040,133396
491241,3.9503,-51,0,7,32015040,133396
492255,3.9519,-55,0,7,32015040,133396
493269,3.9497,-54,0,7,32015040,133396
494283,3.9506,-55,0,7,32015040,133396
495895,3.9513,-55,0,7,32015040,133396
496910,3.9506,-54,0,7,32015040,133396
497925,3.9513,-52,0,7,32015040,133396
498940,3.9494,-57,0,7,32015040,133396
499955,3.9488,-56,0,7,32015040,133396
501118,3.9497,-57,0,7,32150400,133960
502133,3.9481,-57,0,7,32150400,133960
503148,3.9497,-53,0,7,32150400,133960
504163,3.9475,-51,0,7,32150400,133960
505178,3.9491,-49,0,7,32150400,133960
506193,3.9488,-59,0,7,32150400,133960
507207,3.9491,-51,0,7,32150400,133960
508221,3.9503,-52,0,7,32150400,133960
509235,3.9481,-53,0,7,32150400,133960
510249,3.9462,-53,0,7,32150400,133960
512019,3.9491,-53,0,7,31744560,132269
513034,3.9488,-52,0,7,31744560,132269
514049,3.9481,-52,0,7,31744560,132269
515063,3.9475,-54,0,7,31744560,132269
516077,3.9478,-53,0,7,31744560,132269
517091,3.9484,-53,0,7,31744560,132269
518106,3.9488,-51,0,7,31744560,132269
519121,3.9481,-53,0,7,31744560,132269
520136,3.9478,-54,0,7,31744560,132269
521151,3.9472,-54,0,7,31744560,132269
522314,3.9475,-54,0,7,31992240,133301
523331,3.9453,-53,0,7,31992240,133301
524346,3.9478,-54,0,7,31992240,133301
525362,3.9484,-55,0,7,31992240,133301
526918,3.9475,-59,0,7,31992240,133301
527933,3.9462,-64,0,7,31992240,133301
528948,3.9453,-58,0,7,31992240,133301
529963,3.9456,-58,0,7,31992240,133301
530979,3.9462,-54,0,7,31992240,133301
531996,3.9462,-54,0,7,31992240,133301
533157,3.9447,-57,0,7,32082720,133678
534173,3.9466,-58,0,7,32082720,133678
535189,3.9438,-57,0,7,32082720,133678
536204,3.9475,-59,0,7,32082720,133678
537219,3.9456,-58,0,7,32082720,133678
538233,3.945,-58,0,7,32082720,133678
539247,3.9453,-59,0,7,32082720,133678
540261,3.9453,-59,0,7,32082720,133678
541276,3.9419,-59,0,7,32082720,133678
542897,3.9456,-57,0,7,32082720,133678
544060,3.945,-58,0,7,31979280,133247
545077,3.9438,-54,0,7,31979280,133247
546091,3.9416,-53,0,7,31979280,133247
547105,3.9456,-54,0,7,31979280,133247
548119,3.9444,-55,0,7,31979280,133247
549134,3.9444,-53,0,7,31979280,133247
550150,3.9434,-53,0,7,31979280,133247
551165,3.9422,-60,0,7,31979280,133247
552180,3.9434,-53,0,7,31979280,133247
553195,3.9434,-53,0,7,31979280,133247
554356,3.9434,-51,0,7,32048640,133536
555372,3.9434,-51,0,7,32048640,133536
556387,3.9419,-51,0,7,32048640,133536
557974,3.9425,-51,0,7,32048640,133536
558988,3.9438,-52,0,7,32048640,133536
560003,3.9428,-51,0,7,32048640,133536
561017,3.9419,-60,0,7,32048640,133536
562032,3.9428,-55,0,7,32048640,133536
563048,3.9441,-50,0,7,32048640,133536
564063,3.9413,-50,0,7,32048640,133536
565226,3.9422,-54,0,7,32076720,133653
566241,3.9419,-50,0,7,32076720,133653
567256,3.9425,-53,0,7,32076720,133653
568271,3.9438,-52,0,7,32076720,133653
569286,3.9428,-51,0,7,32076720,133653
570303,3.9422,-50,0,7,32076720,133653
571319,3.9425,-53,0,7,32076720,133653
572333,3.9413,-53,0,7,32076720,133653
573926,3.9409,-50,0,7,32076720,133653
574943,3.9438,-53,0,7,32076720,133653
576104,3.9416,-54,0,7,31804800,132520
577119,3.9394,-51,0,7,31804800,132520
578133,3.9425,-52,0,7,31804800,132520
579147,3.9413,-52,0,7,31804800,132520
580162,3.9409,-51,0,7,31804800,132520
581178,3.9394,-51,0,7,31804800,132520
582193,3.9406,-51,0,7,31804800,132520
583208,3.9391,-52,0,7,31804800,132520
584223,3.9409,-53,0,7,31804800,132520
585237,3.9406,-54,0,7,31804800,132520
586399,3.94,-53,0,7,31879680,132832
587415,3.9391,-52,0,7,31879680,132832
588979,3.9391,-53,0,7,31879680,132832
589995,3.9403,-54,0,7,31879680,132832
591010,3.9388,-56,0,7,31879680,132832
592025,3.9394,-57,0,7,31879680,132832
593040,3.9375,-53,0,7,31879680,132832
594055,3.9391,-54,0,7,31879680,132832
595069,3.9388,-54,0,7,31879680,132832
596083,3.9391,-54,0,7,31879680,132832
597244,3.9369,-54,0,7,31975920,133233
598260,3.9388,-54,0,7,31975920,133233
599275,3.9397,-54,0,7,31975920,133233
600289,3.9391,-53,0,7,31975920,133233
601303,3.9391,-53,0,7,31975920,133233
602317,3.9369,-54,0,7,31975920,133233
603331,3.9375,-54,0,7,31975920,133233
604954,3.9369,-54,0,7,31975920,133233
605969,3.9372,-59,0,7,31975920,133233
606984,3.9356,-53,0,7,31975920,133233
608146,3.9359,-53,0,7,31986480,133277
609161,3.9363,-54,0,7,31986480,133277
610175,3.9384,-54,0,7,31986480,133277
611190,3.9369,-55,0,7,31986480,133277
612205,3.9381,-54,0,7,31986480,133277
613220,3.9353,-54,0,7,31986480,133277
614235,3.9347,-53,0,7,31986480,133277
615253,3.9369,-53,0,7,31986480,133277
616267,3.9363,-53,0,7,31986480,133277
617281,3.9366,-54,0,7,31986480,133277
618441,3.9338,-56,0,7,31846080,132692
619996,3.9384,-47,0,7,31846080,132692
621013,3.9381,-49,0,7,31846080,132692
622028,3.9369,-47,0,7,31846080,132692
623043,3.935,-46,0,7,31846080,132692
624060,3.9338,-47,0,7,31846080,132692
625077,3.9359,-48,0,7,31846080,132692
626091,3.9359,-47,0,7,31846080,132692
627105,3.9369,-54,0,7,31846080,132692
628119,3.9341,-53,0,7,31846080,132692
629281,3.9344,-54,0,7,31978320,133243
630296,3.935,-55,0,7,31978320,133243
631310,3.9363,-55,0,7,31978320,133243
632324,3.9363,-55,0,7,31978320,133243
633338,3.9325,-52,0,7,31978320,133243
634353,3.9363,-56,0,7,31978320,133243
635976,3.9363,-57,0,7,31978320,133243
636990,3.9356,-55,0,7,31978320,133243
638005,3.9328,-54,0,7,31978320,133243
639020,3.9338,-54,0,7,31978320,133243
640182,3.9353,-55,0,7,31851600,132715
641198,3.9353,-53,0,7,31851600,132715
642213,3.9331,-55,0,7,31851600,132715
643228,3.9322,-55,0,7,31851600,132715
644243,3.9306,-54,0,7,31851600,132715
645258,3.9341,-56,0,7,31851600,132715
646274,3.9328,-51,0,7,31851600,132715
647288,3.9341,-50,0,7,31851600,132715
648302,3.9341,-49,0,7,31851600,132715
649316,3.9338,-51,0,7,31851600,132715
650475,3.9316,-51,0,7,31520640,131336
652280,3.9309,-56,0,7,31520640,131336
653294,3.9313,-53,0,7,31520640,131336
654308,3.9319,-53,0,7,31520640,131336
655323,3.93,-47,0,7,31520640,131336
656338,3.9338,-47,0,7,31520640,131336
657353,3.9319,-48,0,7,31520640,131336
658368,3.9334,-48,0,7,31520640,131336
659383,3.9322,-48,0,7,31520640,131336
660545,3.9331,-49,0,7,32003520,133348
661561,3.9356,-49,0,7,32003520,133348
662576,3.9297,-59,0,7,32003520,133348
663591,3.9313,-54,0,7,32003520,133348
664606,3.9313,-58,0,7,32003520,133348
665620,3.9303,-55,0,7,32003520,133348
667121,3.9316,-54,0,7,32003520,133348
668137,3.9322,-59,0,7,32003520,133348
669151,3.9306,-58,0,7,32003520,133348
670166,3.9306,-52,0,7,32003520,133348
671326,3.9291,-58,0,7,31595040,131646
672341,3.9316,-56,0,7,31595040,131646
673355,3.9291,-56,0,7,31595040,131646
674370,3.9297,-55,0,7,31595040,131646
675385,3.9313,-59,0,7,31595040,131646
676400,3.9272,-60,0,7,31595040,131646
677415,3.93,-61,0,7,31595040,131646
678430,3.9303,-62,0,7,31595040,131646
679444,3.9291,-58,0,7,31595040,131646
680458,3.93,-64,0,7,31595040,131646
681618,3.9281,-61,0,7,31814400,132560
683205,3.93,-59,0,7,31814400,132560
684220,3.9297,-63,0,7,31814400,132560
685235,3.9294,-60,0,7,31814400,132560
686250,3.9306,-59,0,7,31814400,132560
687266,3.9303,-61,0,7,31814400,132560
688281,3.9303,-58,0,7,31814400,132560
689296,3.9266,-60,0,7,31814400,132560
690311,3.9281,-62,0,7,31814400,132560
691325,3.9281,-63,0,7,31814400,132560
692486,3.9291,-63,0,7,31423680,130932
693501,3.9269,-66,0,7,31423680,130932
694516,3.9281,-65,0,7,31423680,130932
695531,3.9281,-62,0,7,31423680,130932
696546,3.9284,-66,0,7,31423680,130932
697560,3.9297,-64,0,7,31423680,130932
699154,3.93,-64,0,7,31423680,130932
700168,3.9284,-65,0,7,31423680,130932
701185,3.9281,-62,0,7,31423680,130932
702200,3.9275,-62,0,7,31423680,130932
703364,3.9291,-60,0,7,31924320,133018
704379,3.9303,-58,0,7,31924320,133018
705394,3.9281,-58,0,7,31924320,133018
706410,3.9272,-59,0,7,31924320,133018
707425,3.9269,-56,0,7,31924320,133018
708440,3.9266,-60,0,7,31924320,133018
709456,3.9262,-59,0,7,31924320,133018
710470,3.9275,-59,0,7,31924320,133018
711484,3.9272,-60,0,7,31924320,133018
712498,3.9278,-59,0,7,31924320,133018
713659,3.9262,-58,0,7,32034720,133478
715333,3.9284,-59,0,7,32034720,133478
716349,3.9269,-62,0,7,32034720,133478
717364,3.9262,-64,0,7,32034720,133478
718379,3.9281,-50,0,7,32034720,133478
719395,3.925,-66,0,7,32034720,133478
720412,3.9253,-53,0,7,32034720,133478
721426,3.9256,-52,0,7,32034720,133478
722440,3.9275,-51,0,7,32034720,133478
723454,3.9256,-51,0,7,32034720,133478
724613,3.9266,-52,0,7,31532400,131385
725628,3.9272,-52,0,7,31532400,131385
726642,3.925,-53,0,7,31532400,131385
727656,3.9259,-52,0,7,31532400,131385
728670,3.9231,-51,0,7,31532400,131385
730211,3.9253,-56,0,7,31532400,131385
731226,3.9247,-56,0,7,31532400,131385
732240,3.9266,-57,0,7,31532400,131385
733254,3.9234,-58,0,7,31532400,131385
734269,3.9247,-64,0,7,31532400,131385
735430,3.9244,-60,0,7,31774320,132393
736445,3.9228,-57,0,7,31774320,132393
737461,3.9241,-59,0,7,31774320,132393
738475,3.9244,-59,0,7,31774320,132393
739490,3.9247,-57,0,7,31774320,132393
740505,3.9234,-58,0,7,31774320,132393
741520,3.9234,-58,0,7,31774320,132393
742536,3.9238,-63,0,7,31774320,132393
743550,3.9244,-58,0,7,31774320,132393
744564,3.9231,-60,0,7,31774320,132393
746405,3.9247,-57,0,7,31829760,132624
747420,3.9247,-57,0,7,31829760,132624
748434,3.9244,-57,0,7,31829760,132624
749448,3.9228,-57,0,7,31829760,132624
750462,3.9219,-56,0,7,31829760,132624
751477,3.9231,-60,0,7,31829760,132624
752492,3.9225,-53,0,7,31829760,132624
753507,3.9209,-54,0,7,31829760,132624
754522,3.9228,-53,0,7,31829760,132624
755537,3.9222,-53,0,7,31829760,132624
756698,3.9238,-52,0,7,31945680,133107
757714,3.9244,-55,0,7,31945680,133107
758729,3.9225,-56,0,7,31945680,133107
759744,3.9225,-55,0,7,31945680,133107
761416,3.9213,-54,0,7,31945680,133107
762431,3.9216,-56,0,7,31945680,133107
763446,3.9234,-54,0,7,31945680,133107
764461,3.9228,-53,0,7,31945680,133107
765476,3.9216,-52,0,7,31945680,133107
766493,3.9225,-53,0,7,31945680,133107
767654,3.9231,-51,0,7,32018880,133412
768670,3.9228,-54,0,7,32018880,133412
769685,3.9194,-54,0,7,32018880,133412
770700,3.9231,-53,0,7,32018880,133412
771716,3.9216,-53,0,7,32018880,133412
772731,3.9213,-56,0,7,32018880,133412
773745,3.92,-56,0,7,32018880,133412
774759,3.9206,-54,0,7,32018880,133412
776471,3.9213,-61,0,7,32018880,133412
777487,3.9206,-64,0,7,32018880,133412
778649,3.9203,-52,0,7,31904400,132935
779664,3.9197,-53,0,7,31904400,132935
780678,3.9213,-54,0,7,31904400,132935
781693,3.9225,-54,0,7,31904400,132935
782708,3.9206,-54,0,7,31904400,132935
783723,3.9213,-53,0,7,31904400,132935
784738,3.9184,-54,0,7,31904400,132935
785753,3.9219,-53,0,7,31904400,132935
786769,3.9206,-55,0,7,31904400,132935
787783,3.9203,-55,0,7,31904400,132935
788943,3.9191,-52,0,7,31826160,132609
789959,3.9178,-56,0,7,31826160,132609
791527,3.9216,-52,0,7,31826160,132609
792541,3.9188,-53,0,7,31826160,132609
793556,3.9188,-55,0,7,31826160,132609
794571,3.9181,-54,0,7,31826160,132609
795586,3.9178,-57,0,7,31826160,132609
796604,3.9188,-53,0,7,31826160,132609
797618,3.9203,-53,0,7,31826160,132609
798632,3.9197,-53,0,7,31826160,132609
799793,3.9178,-50,0,7,31974720,133228
800810,3.9175,-50,0,7,31974720,133228
801826,3.9203,-50,0,7,31974720,133228
802840,3.9184,-54,0,7,31974720,133228
803854,3.9191,-53,0,7,31974720,133228
804868,3.9181,-53,0,7,31974720,133228
805882,3.9169,-65,0,7,31974720,133228
807395,3.9184,-52,0,7,31974720,133228
808409,3.9172,-51,0,7,31974720,133228
809424,3.9178,-50,0,7,31974720,133228
810586,3.9206,-51,0,7,31901280,132922
811602,3.9172,-54,0,7,31901280,132922
812616,3.9169,-53,0,7,31901280,132922
813632,3.9181,-53,0,7,31901280,132922
814647,3.9178,-61,0,7,31901280,132922
815662,3.9166,-55,0,7,31901280,132922
816677,3.9153,-52,0,7,31901280,132922
817693,3.9163,-50,0,7,31901280,132922
818707,3.9166,-50,0,7,31901280,132922
819721,3.9169,-49,0,7,31901280,132922
820881,3.9166,-51,0,7,31769520,132373
822345,3.9172,-49,0,7,31769520,132373
823361,3.9178,-47,0,7,31769520,132373
824376,3.9181,-55,0,7,31769520,132373
825391,3.9141,-53,0,7,31769520,132373
826406,3.9181,-54,0,7,31769520,132373
827421,3.9178,-54,0,7,31769520,132373
828435,3.9153,-53,0,7,31769520,132373
829449,3.9153,-52,0,7,31769520,132373
830464,3.9163,-53,0,7,31769520,132373
831625,3.915,-52,0,7,32007840,133366
832643,3.9147,-51,0,7,32007840,133366
833657,3.9166,-50,0,7,32007840,133366
834671,3.9163,-58,0,7,32007840,133366
835685,3.9156,-52,0,7,32007840,133366
836699,3.9156,-51,0,7,32007840,133366
838215,3.9138,-50,0,7,32007840,133366
839229,3.9153,-50,0,7,32007840,133366
840245,3.9141,-51,0,7,32007840,133366
841260,3.9134,-52,0,7,32007840,133366
842423,3.9156,-52,0,7,32186400,134110
843438,3.915,-52,0,7,32186400,134110
844453,3.9156,-53,0,7,32186400,134110
845469,3.9147,-53,0,7,32186400,134110
846484,3.9113,-50,0,7,32186400,134110
847499,3.9156,-50,0,7,32186400,134110
848514,3.9141,-52,0,7,32186400,134110
849528,3.9144,-52,0,7,32186400,134110
850542,3.9147,-52,0,7,32186400,134110
851556,3.9131,-51,0,7,32186400,134110
852715,3.9153,-49,0,7,31594800,131645
854199,3.9138,-52,0,7,31594800,131645
855216,3.9147,-51,0,7,31594800,131645
856231,3.9159,-50,0,7,31594800,131645
857246,3.9138,-52,0,7,31594800,131645
858262,3.9134,-54,0,7,31594800,131645
859277,3.9131,-51,0,7,31594800,131645
860292,3.9131,-51,0,7,31594800,131645
861306,3.9138,-51,0,7,31594800,131645
862321,3.9138,-52,0,7,31594800,131645
863483,3.9113,-51,0,7,31904880,132937
864499,3.9122,-52,0,7,31904880,132937
865514,3.9134,-51,0,7,31904880,132937
866528,3.9125,-52,0,7,31904880,132937
867542,3.9125,-51,0,7,31904880,132937
868556,3.9119,-51,0,7,31904880,132937
870159,3.9138,-50,0,7,31904880,132937
871174,3.9119,-52,0,7,31904880,132937
872189,3.9113,-60,0,7,31904880,132937
873204,3.9134,-54,0,7,31904880,132937
874366,3.9125,-54,0,7,31931280,133047
875382,3.9119,-54,0,7,31931280,133047
876397,3.9125,-52,0,7,31931280,133047
877412,3.9106,-55,0,7,31931280,133047
878427,3.9113,-53,0,7,31931280,133047
879445,3.9116,-54,0,7,31931280,133047
880460,3.9109,-53,0,7,31931280,133047
881474,3.9119,-53,0,7,31931280,133047
882488,3.9113,-53,0,7,31931280,133047
883502,3.9084,-53,0,7,31931280,133047
884664,3.9131,-54,0,7,32016720,133403
886138,3.9109,-53,0,7,32016720,133403
887153,3.9119,-52,0,7,32016720,133403
888168,3.9119,-53,0,7,32016720,133403
889183,3.9113,-53,0,7,32016720,133403
890198,3.9091,-61,0,7,32016720,133403
891214,3.9119,-53,0,7,32016720,133403
892228,3.9109,-55,0,7,32016720,133403
893242,3.9094,-54,0,7,32016720,133403
894256,3.9094,-54,0,7,32016720,133403
895417,3.91,-53,0,7,32056080,133567
896432,3.9094,-52,0,7,32056080,133567
897446,3.9106,-52,0,7,32056080,133567
898461,3.9091,-55,0,7,32056080,133567
899475,3.9078,-54,0,7,32056080,133567
900489,3.9097,-54,0,7,32056080,133567
902011,3.91,-53,0,7,32056080,133567
903027,3.9097,-54,0,7,32056080,133567
904042,3.9103,-52,0,7,32056080,133567
905057,3.9078,-53,0,7,32056080,133567
906220,3.9094,-55,0,7,32066880,133612
907235,3.9078,-53,0,7,32066880,133612
908250,3.9091,-54,0,7,32066880,133612
909265,3.9094,-52,0,7,32066880,133612
910280,3.9081,-56,0,7,32066880,133612
911295,3.9091,-55,0,7,32066880,133612
912311,3.9078,-53,0,7,32066880,133612
913325,3.9097,-52,0,7,32066880,133612
914339,3.9081,-65,0,7,32066880,133612
915353,3.9094,-69,0,7,32066880,133612
916514,3.9084,-64,0,7,31873440,132806
918086,3.9088,-64,0,7,31873440,132806
919101,3.9081,-60,0,7,31873440,132806
920116,3.9069,-64,0,7,31873440,132806
921131,3.9066,-61,0,7,31873440,132806
922147,3.9084,-60,0,7,31873440,132806
923164,3.9078,-58,0,7,31873440,132806
924178,3.9081,-56,0,7,31873440,132806
925192,3.9084,-54,0,7,31873440,132806
926206,3.9069,-55,0,7,31873440,132806
927367,3.9053,-54,0,7,31869120,132788
928382,3.9081,-54,0,7,31869120,132788
929397,3.9069,-56,0,7,31869120,132788
930411,3.9075,-58,0,7,31869120,132788
931425,3.9075,-57,0,7,31869120,132788
932439,3.9066,-54,0,7,31869120,132788
934065,3.9041,-52,0,7,31869120,132788
935080,3.9069,-52,0,7,31869120,132788
936095,3.9063,-56,0,7,31869120,132788
937110,3.9044,-54,0,7,31869120,132788
938272,3.9063,-56,0,7,31863120,132763
939288,3.9063,-57,0,7,31863120,132763
940304,3.9053,-54,0,7,31863120,132763
941319,3.9075,-55,0,7,31863120,132763
942334,3.9034,-54,0,7,31863120,132763
943349,3.9041,-54,0,7,31863120,132763
944368,3.9041,-54,0,7,31863120,132763
945385,3.9066,-56,0,7,31863120,132763
946399,3.9053,-55,0,7,31863120,132763
947414,3.9056,-53,0,7,31863120,132763
948576,3.9041,-54,0,7,31908960,132954
950238,3.9044,-53,0,7,31908960,132954
951253,3.9066,-52,0,7,31908960,132954
952268,3.9053,-56,0,7,31908960,132954
953284,3.9038,-53,0,7,31908960,132954
954300,3.905,-57,0,7,31908960,132954
955318,3.9053,-55,0,7,31908960,132954
956332,3.9056,-53,0,7,31908960,132954
957346,3.9056,-52,0,7,31908960,132954
958360,3.9047,-56,0,7,31908960,132954
959522,3.905,-53,0,7,31936560,133069
960536,3.9053,-55,0,7,31936560,133069
961550,3.9053,-54,0,7,31936560,133069
962564,3.9041,-54,0,7,31936560,133069
963578,3.9025,-58,0,7,31936560,133069
965510,3.9053,-55,0,7,31936560,133069
966526,3.9044,-58,0,7,31936560,133069
967541,3.9047,-56,0,7,31936560,133069
968556,3.9031,-54,0,7,31936560,133069
969717,3.9016,-68,0,7,31728000,132200
970732,3.9038,-63,0,7,31728000,132200
971746,3.9038,-56,0,7,31728000,132200
972761,3.9047,-55,0,7,31728000,132200
973776,3.9038,-61,0,7,31728000,132200
974791,3.9019,-60,0,7,31728000,132200
975806,3.9038,-58,0,7,31728000,132200
976822,3.9013,-57,0,7,31728000,132200
977836,3.9028,-56,0,7,31728000,132200
978850,3.9028,-51,0,7,31728000,132200
980601,3.9041,-54,0,7,31860720,132753
981616,3.9025,-54,0,7,31860720,132753
982630,3.9025,-54,0,7,31860720,132753
983644,3.9019,-54,0,7,31860720,132753
984658,3.9034,-55,0,7,31860720,132753
985672,3.9022,-57,0,7,31860720,132753
986687,3.9019,-56,0,7,31860720,132753
987702,3.9,-54,0,7,31860720,132753
988717,3.8984,-58,0,7,31860720,132753
989732,3.9016,-54,0,7,31860720,132753
990894,3.9006,-65,0,7,31588320,131618
991909,3.9009,-56,0,7,31588320,131618
992924,3.9022,-64,0,7,31588320,131618
993939,3.9013,-60,0,7,31588320,131618
995405,3.9022,-59,0,7,31588320,131618
996420,3.9025,-63,0,7,31588320,131618
997435,3.9013,-59,0,7,31588320,131618
998450,3.8997,-62,0,7,31588320,131618
999465,3.9013,-63,0,7,31588320,131618
1000483,3.9016,-57,0,7,31588320,131618
1001643,3.9013,-60,0,7,31574160,131559
1002659,3.9003,-51,0,7,31574160,131559
1003675,3.8997,-54,0,7,31574160,131559
1004690,3.9,-53,0,7,31574160,131559
1005706,3.9025,-52,0,7,31574160,131559
1006724,3.9,-54,0,7,31574160,131559
1007738,3.8988,-57,0,7,31574160,131559
1008752,3.8997,-62,0,7,31574160,131559
1009766,3.9003,-58,0,7,31574160,131559
1011380,3.9009,-52,0,7,31574160,131559
1012542,3.9009,-49,0,7,32044800,133520
1013558,3.9006,-54,0,7,32044800,133520
1014572,3.8959,-54,0,7,32044800,133520
1015586,3.9006,-50,0,7,32044800,133520
1016600,3.9,-53,0,7,32044800,133520
1017615,3.9006,-50,0,7,32044800,133520
1018630,3.8988,-53,0,7,32044800,133520
1019645,3.8978,-53,0,7,32044800,133520
1020660,3.9003,-50,0,7,32044800,133520
1021675,3.8994,-53,0,7,32044800,133520
1022835,3.8988,-51,0,7,31969920,133208
1023851,3.8981,-67,0,7,31969920,133208
1024866,3.8981,-66,0,7,31969920,133208
1026634,3.8991,-56,0,7,31969920,133208
1027648,3.8966,-55,0,7,31969920,133208
1028663,3.8988,-62,0,7,31969920,133208
1029678,3.8981,-63,0,7,31969920,133208
1030693,3.8981,-62,0,7,31969920,133208
1031709,3.8988,-58,0,7,31969920,133208
1032871,3.8988,-57,0,7,32091840,133716
1033888,3.8978,-64,0,7,32091840,133716
1034903,3.8975,-59,0,7,32091840,133716
1035918,3.8978,-69,0,7,32091840,133716
1036933,3.8966,-63,0,7,32091840,133716
1037948,3.8988,-61,0,7,32091840,133716
1038962,3.8972,-57,0,7,32091840,133716
1039976,3.8997,-59,0,7,32091840,133716
1041478,3.8969,-52,0,7,32091840,133716
1042493,3.8981,-54,0,7,32091840,133716
1043655,3.8975,-48,0,7,31994640,133311
1044671,3.8991,-47,0,7,31994640,133311
1045686,3.8978,-49,0,7,31994640,133311
1046700,3.8975,-51,0,7,31994640,133311
1047715,3.8978,-52,0,7,31994640,133311
1048730,3.8991,-50,0,7,31994640,133311
1049745,3.8969,-50,0,7,31994640,133311
1050761,3.8975,-55,0,7,31994640,133311
1051778,3.8966,-52,0,7,31994640,133311
1052792,3.8959,-54,0,7,31994640,133311
1053952,3.8966,-50,0,7,31778400,132410
1054967,3.8966,-55,0,7,31778400,132410
1055982,3.8978,-50,0,7,31778400,132410
1057684,3.8953,-51,0,7,31778400,132410
1058698,3.8978,-51,0,7,31778400,132410
1059713,3.8966,-49,0,7,31778400,132410
1060727,3.8972,-49,0,7,31778400,132410
1061742,3.8959,-49,0,7,31778400,132410
1062757,3.8969,-49,0,7,31778400,132410
1063772,3.8944,-50,0,7,31778400,132410
1064934,3.8944,-49,0,7,32051280,133547
1065950,3.8947,-50,0,7,32051280,133547
1066965,3.8963,-50,0,7,32051280,133547
1067980,3.8972,-50,0,7,32051280,133547
1068995,3.895,-50,0,7,32051280,133547
1070013,3.8959,-52,0,7,32051280,133547
1071029,3.8953,-52,0,7,32051280,133547
1072533,3.8947,-49,0,7,32051280,133547
1073547,3.895,-51,0,7,32051280,133547
1074562,3.8969,-52,0,7,32051280,133547
1075723,3.8959,-60,0,7,31855680,132732
1076738,3.8966,-54,0,7,31855680,132732
1077752,3.8931,-56,0,7,31855680,132732
1078766,3.8953,-50,0,7,31855680,132732
1079780,3.8944,-51,0,7,31855680,132732
1080795,3.8947,-61,0,7,31855680,132732
1081810,3.8953,-51,0,7,31855680,132732
1082825,3.895,-52,0,7,31855680,132732
1083841,3.8934,-45,0,7,31855680,132732
1084856,3.8947,-35,0,7,31855680,132732
1086015,3.8944,-36,0,7,31686960,132029
1087031,3.895,-37,0,7,31686960,132029
1088898,3.8956,-37,0,7,31686960,132029
1089914,3.8944,-35,0,7,31686960,132029
1090929,3.8944,-36,0,7,31686960,132029
1091944,3.8934,-35,0,7,31686960,132029
1092959,3.8922,-37,0,7,31686960,132029
1093974,3.8941,-35,0,7,31686960,132029
1094990,3.8941,-35,0,7,31686960,132029
1096150,3.8934,-33,0,7,31848240,132701
1097167,3.8925,-36,0,7,31848240,132701
1098182,3.8931,-34,0,7,31848240,132701
1099197,3.8931,-35,0,7,31848240,132701
1100213,3.8934,-36,0,7,31848240,132701
1101227,3.8919,-34,0,7,31848240,132701
1102241,3.8925,-34,0,7,31848240,132701
1103954,3.8931,-35,0,7,31848240,132701
1104971,3.8934,-33,0,7,31848240,132701
1105987,3.8934,-32,0,7,31848240,132701
1110190,3.8931,-34,0,7,31664640,131936
1111205,3.8909,-33,0,7,31664640,131936
1112219,3.8903,-33,0,7,31664640,131936
1113234,3.8888,-35,0,7,31664640,131936
1114249,3.8916,-35,0,7,31664640,131936
1115263,3.8913,-33,0,7,31664640,131936
1116277,3.8894,-32,0,7,31664640,131936
1117437,3.8894,-30,0,7,31747200,132280
1120483,3.8919,-31,0,7,31747200,132280
1267095,3.8813,-35,0,7,31959120,133163
1268110,3.8453,-36,0,7,31959120,133163
1269124,3.8694,-37,0,7,31959120,133163
1270138,3.85,-36,0,7,31959120,133163
1276170,3.8403,-36,0,7,31959120,133163
1277330,3.8531,-39,0,7,31612080,131717
1278345,3.8375,-36,0,7,31612080,131717
1279359,3.8331,-35,0,7,31612080,131717
1280373,3.8428,-37,0,7,31612080,131717
1281387,3.8406,-40,0,7,31612080,131717
1282402,3.8734,-38,0,7,31612080,131717
1283417,3.8803,-37,0,7,31612080,131717
1284433,3.8791,-38,0,7,31612080,131717
1285447,3.8791,-36,0,7,31612080,131717
