timestamp_local,time_ms,voltage_v,dv_avg,dv_norm,source_ip
2026-02-17T14:51:39.093342,188694,4.141844,0.0,0.0,192.168.31.108
2026-02-17T14:51:41.083010,190706,4.142875,0.0,0.0,192.168.31.108
2026-02-17T14:51:45.188169,194728,4.142531,0.0,0.0,192.168.31.108
2026-02-17T14:51:47.142885,196739,4.143907,0.0,0.0,192.168.31.108
2026-02-17T14:51:49.130718,198750,3.949688,-0.038844,-0.009835,192.168.31.108
2026-02-17T14:51:51.155353,200761,3.97925,0.0,0.0,192.168.31.108
2026-02-17T14:51:53.131408,202772,3.977188,-0.000412,-0.000104,192.168.31.108
2026-02-17T14:51:55.120913,204783,3.977875,0.0,0.0,192.168.31.108
2026-02-17T14:51:57.154535,206794,3.977875,0.0,0.0,192.168.31.108
2026-02-17T14:51:59.208443,208805,3.976844,-0.000206,-5.2e-05,192.168.31.108
2026-02-17T14:52:01.427091,210815,3.9765,-0.000275,-6.9e-05,192.168.31.108
2026-02-17T14:52:03.183730,212827,3.974438,-0.000688,-0.000173,192.168.31.108
2026-02-17T14:52:09.357271,218861,3.972031,-0.000962,-0.000242,192.168.31.108
2026-02-17T14:52:11.276552,220872,3.971688,-0.000962,-0.000242,192.168.31.108
2026-02-17T14:52:13.295413,222883,3.969625,-0.000963,-0.000242,192.168.31.108
2026-02-17T14:52:15.292767,224894,3.968594,-0.0011,-0.000277,192.168.31.108
2026-02-17T14:52:19.426467,228916,3.967219,-0.000962,-0.000243,192.168.31.108
2026-02-17T14:52:21.305823,230927,3.966532,-0.001031,-0.00026,192.168.31.108
2026-02-17T14:52:23.327254,232938,3.966875,0.0,0.0,192.168.31.108
2026-02-17T14:52:31.481278,240983,3.964469,-0.000481,-0.000121,192.168.31.108
2026-02-17T14:52:33.444691,242994,3.963438,-0.000688,-0.000173,192.168.31.108
2026-02-17T14:52:35.390779,245005,3.963094,-0.000756,-0.000191,192.168.31.108
2026-02-17T14:52:39.490872,249027,3.961719,-0.000756,-0.000191,192.168.31.108
2026-02-17T14:52:41.443795,251038,3.961375,-0.000619,-0.000156,192.168.31.108
2026-02-17T14:52:43.381649,253049,3.961719,0.0,0.0,192.168.31.108
2026-02-17T14:52:45.456227,255060,3.961375,-6.9e-05,-1.7e-05,192.168.31.108
2026-02-17T14:52:47.508201,257072,3.960688,-0.000206,-5.2e-05,192.168.31.108
2026-02-17T14:52:49.474835,259083,3.96,-0.000344,-8.7e-05,192.168.31.108
2026-02-17T14:52:51.520570,261093,3.96,0.0,0.0,192.168.31.108
2026-02-17T14:52:55.526626,265116,3.95725,-0.00055,-0.000139,192.168.31.108
2026-02-17T14:52:57.542506,267127,3.95725,0.0,0.0,192.168.31.108
2026-02-17T14:52:59.608970,269138,3.957594,0.0,0.0,192.168.31.108
2026-02-17T14:53:07.747024,277182,3.956563,0.0,0.0,192.168.31.108
2026-02-17T14:53:09.661745,279193,3.955875,-0.000137,-3.5e-05,192.168.31.108
2026-02-17T14:53:15.742966,285226,3.9545,-0.000206,-5.2e-05,192.168.31.108
2026-02-17T14:53:17.620112,287237,3.953469,-0.000413,-0.000104,192.168.31.108
2026-02-17T14:53:19.619892,289248,3.952438,-0.000619,-0.000157,192.168.31.108
2026-02-17T14:53:21.599810,291260,3.952781,0.0,0.0,192.168.31.108
2026-02-17T14:53:23.649501,293271,3.952781,0.0,0.0,192.168.31.108
2026-02-17T14:53:27.682543,297293,3.952438,0.0,0.0,192.168.31.108
2026-02-17T14:53:29.692891,299304,3.952094,-6.9e-05,-1.7e-05,192.168.31.108
2026-02-17T14:53:31.743816,301315,3.95175,-0.000138,-3.5e-05,192.168.31.108
2026-02-17T14:53:33.713650,303326,3.943156,-0.001856,-0.000471,192.168.31.108
2026-02-17T14:53:35.693242,305337,3.942813,-0.001925,-0.000488,192.168.31.108
2026-02-17T14:53:37.692558,307349,3.942125,-0.002063,-0.000523,192.168.31.108
2026-02-17T14:53:39.727065,309360,3.942125,0.0,0.0,192.168.31.108
2026-02-17T14:53:41.732982,311371,3.941094,-0.000206,-5.2e-05,192.168.31.108
2026-02-17T14:53:43.759611,313383,3.941438,0.0,0.0,192.168.31.108
2026-02-17T14:53:45.780299,315394,3.941094,-6.9e-05,-1.7e-05,192.168.31.108
2026-02-17T14:53:47.805698,317405,3.941438,0.0,0.0,192.168.31.108
2026-02-17T14:53:49.814604,319416,3.941094,-6.9e-05,-1.7e-05,192.168.31.108
2026-02-17T14:53:51.758778,321427,3.940063,-0.000275,-7e-05,192.168.31.108
2026-02-17T14:53:53.773068,323438,3.939719,-0.000344,-8.7e-05,192.168.31.108
2026-02-17T14:53:55.780707,325449,3.939375,-0.000412,-0.000105,192.168.31.108
2026-02-17T14:53:57.838676,327460,3.938344,-0.000619,-0.000157,192.168.31.108
2026-02-17T14:53:59.848132,329472,3.937657,-0.000687,-0.000175,192.168.31.108
2026-02-17T14:54:03.965873,333493,3.936969,-0.00055,-0.00014,192.168.31.108
2026-02-17T14:54:05.954805,335505,3.937313,0.0,0.0,192.168.31.108
2026-02-17T14:54:07.870069,337516,3.937313,0.0,0.0,192.168.31.108
2026-02-17T14:54:09.853526,339527,3.937657,0.0,0.0,192.168.31.108
2026-02-17T14:54:11.912273,341538,3.938,0.0,0.0,192.168.31.108
2026-02-17T14:54:16.007051,345560,3.936625,0.0,0.0,192.168.31.108
2026-02-17T14:54:17.915155,347571,3.935938,-0.000137,-3.5e-05,192.168.31.108
2026-02-17T14:54:19.903155,349582,3.934562,-0.000413,-0.000105,192.168.31.108
2026-02-17T14:54:21.959902,351594,3.933532,-0.000619,-0.000157,192.168.31.108
2026-02-17T14:54:24.002448,353605,3.933532,0.0,0.0,192.168.31.108
2026-02-17T14:54:25.992709,355616,3.932844,-0.000137,-3.5e-05,192.168.31.108
2026-02-17T14:54:27.958980,357628,3.933188,0.0,0.0,192.168.31.108
2026-02-17T14:54:30.014000,359639,3.934562,0.0,0.0,192.168.31.108
2026-02-17T14:54:31.995608,361650,3.934562,0.0,0.0,192.168.31.108
2026-02-17T14:54:34.047342,363661,3.933532,-0.000206,-5.2e-05,192.168.31.108
2026-02-17T14:54:36.006033,365672,3.932844,-0.000344,-8.7e-05,192.168.31.108
2026-02-17T14:54:38.090587,367683,3.932844,0.0,0.0,192.168.31.108
2026-02-17T14:54:40.029002,369694,3.9325,-6.9e-05,-1.7e-05,192.168.31.108
2026-02-17T14:54:42.081397,371705,3.931125,-0.000344,-8.7e-05,192.168.31.108
2026-02-17T14:54:44.094213,373716,3.930438,-0.000481,-0.000122,192.168.31.108
2026-02-17T14:54:48.234693,377738,3.929063,-0.000756,-0.000192,192.168.31.108
2026-02-17T14:54:50.152115,379750,3.929063,0.0,0.0,192.168.31.108
2026-02-17T14:54:54.438081,383772,3.929063,-0.000344,-8.7e-05,192.168.31.108
2026-02-17T14:54:56.185316,385784,3.929063,0.0,0.0,192.168.31.108
2026-02-17T14:54:58.175548,387795,3.929063,0.0,0.0,192.168.31.108
2026-02-17T14:55:00.182274,389806,3.929406,0.0,0.0,192.168.31.108
2026-02-17T14:55:02.170001,391817,3.927,-0.000481,-0.000123,192.168.31.108
2026-02-17T14:55:04.225503,393828,3.926313,-0.000619,-0.000158,192.168.31.108
2026-02-17T14:55:06.272926,395839,3.925969,-0.000688,-0.000175,192.168.31.108
2026-02-17T14:55:08.188897,397850,3.925625,-0.000756,-0.000193,192.168.31.108
2026-02-17T14:55:10.198394,399861,3.924937,-0.000894,-0.000228,192.168.31.108
2026-02-17T14:55:12.267105,401872,3.925969,0.0,0.0,192.168.31.108
2026-02-17T14:55:14.257939,403883,3.925969,0.0,0.0,192.168.31.108
2026-02-17T14:55:16.227592,405895,3.925282,-0.000137,-3.5e-05,192.168.31.108
2026-02-17T14:55:18.227514,407907,3.924594,-0.000275,-7e-05,192.168.31.108
2026-02-17T14:55:20.255685,409918,3.92425,-0.000344,-8.8e-05,192.168.31.108
2026-02-17T14:55:22.281138,411929,3.923907,-0.000412,-0.000105,192.168.31.108
2026-02-17T14:55:24.258586,413941,3.922531,-0.000688,-0.000175,192.168.31.108
2026-02-17T14:55:26.310464,415952,3.922188,-0.000619,-0.000158,192.168.31.108
2026-02-17T14:55:28.320976,417963,3.921844,-0.00055,-0.00014,192.168.31.108
2026-02-17T14:55:30.363933,419974,3.921844,0.0,0.0,192.168.31.108
2026-02-17T14:55:32.342084,421985,3.921844,0.0,0.0,192.168.31.108
2026-02-17T14:55:34.385787,423997,3.922188,0.0,0.0,192.168.31.108
2026-02-17T14:55:36.320739,426008,3.922875,0.0,0.0,192.168.31.108
2026-02-17T14:55:38.361863,428019,3.922188,-0.000137,-3.5e-05,192.168.31.108
2026-02-17T14:55:40.376715,430030,3.9215,-0.000275,-7e-05,192.168.31.108
2026-02-17T14:55:42.367697,432041,3.921156,-0.000344,-8.8e-05,192.168.31.108
2026-02-17T14:55:44.413820,434051,3.919438,-0.000688,-0.000175,192.168.31.108
2026-02-17T14:55:46.428806,436063,3.91875,-0.000825,-0.000211,192.168.31.108
2026-02-17T14:55:48.453607,438075,3.918406,-0.000756,-0.000193,192.168.31.108
2026-02-17T14:55:50.500104,440086,3.918406,0.0,0.0,192.168.31.108
2026-02-17T14:55:52.483453,442097,3.919094,0.0,0.0,192.168.31.108
2026-02-17T14:55:54.478757,444108,3.919438,0.0,0.0,192.168.31.108
2026-02-17T14:55:56.513966,446119,3.919781,0.0,0.0,192.168.31.108
2026-02-17T14:55:58.473963,448130,3.91875,-0.000206,-5.3e-05,192.168.31.108
2026-02-17T14:56:00.510361,450141,3.918063,-0.000344,-8.8e-05,192.168.31.108
2026-02-17T14:56:02.534910,452152,3.917375,-0.000481,-0.000123,192.168.31.108
2026-02-17T14:56:04.546952,454164,3.916688,-0.000619,-0.000158,192.168.31.108
2026-02-17T14:56:06.558336,456175,3.915657,-0.000825,-0.000211,192.168.31.108
2026-02-17T14:56:08.523415,458187,3.915313,-0.000688,-0.000176,192.168.31.108
2026-02-17T14:56:10.520341,460198,3.914969,-0.000619,-0.000158,192.168.31.108
2026-02-17T14:56:12.605326,462209,3.914625,-0.00055,-0.000141,192.168.31.108
2026-02-17T14:56:14.582242,464221,3.914969,0.0,0.0,192.168.31.108
2026-02-17T14:56:16.623663,466232,3.916,0.0,0.0,192.168.31.108
2026-02-17T14:56:18.561391,468243,3.914969,-0.000206,-5.3e-05,192.168.31.108
2026-02-17T14:56:20.587908,470254,3.913938,-0.000412,-0.000105,192.168.31.108
2026-02-17T14:56:22.634859,472265,3.913938,0.0,0.0,192.168.31.108
2026-02-17T14:56:24.594813,474276,3.914625,0.0,0.0,192.168.31.108
2026-02-17T14:56:26.636100,476287,3.912563,-0.000412,-0.000105,192.168.31.108
2026-02-17T14:56:28.610076,478298,3.911875,-0.00055,-0.000141,192.168.31.108
2026-02-17T14:56:30.666681,480309,3.911188,-0.000688,-0.000176,192.168.31.108
2026-02-17T14:56:32.657236,482320,3.9105,-0.000825,-0.000211,192.168.31.108
2026-02-17T14:56:34.684624,484330,3.9105,0.0,0.0,192.168.31.108
2026-02-17T14:56:36.701032,486342,3.911875,0.0,0.0,192.168.31.108
2026-02-17T14:56:38.710501,488353,3.9105,-0.000275,-7e-05,192.168.31.108
2026-02-17T14:56:40.712101,490364,3.910156,-0.000344,-8.8e-05,192.168.31.108
2026-02-17T14:56:42.735266,492376,3.909469,-0.000481,-0.000123,192.168.31.108
2026-02-17T14:56:44.753784,494387,3.908781,-0.000619,-0.000158,192.168.31.108
2026-02-17T14:56:46.784759,496398,3.908438,-0.000687,-0.000176,192.168.31.108
2026-02-17T14:56:48.765937,498409,3.907063,-0.000688,-0.000176,192.168.31.108
2026-02-17T14:56:50.783500,500420,3.905688,-0.000894,-0.000229,192.168.31.108
2026-02-17T14:56:52.799638,502431,3.906032,0.0,0.0,192.168.31.108
2026-02-17T14:56:54.819628,504442,3.905688,-6.9e-05,-1.8e-05,192.168.31.108
2026-02-17T14:56:56.830398,506452,3.904656,-0.000275,-7e-05,192.168.31.108
2026-02-17T14:56:58.813578,508464,3.905688,0.0,0.0,192.168.31.108
2026-02-17T14:57:00.818415,510475,3.905688,0.0,0.0,192.168.31.108
2026-02-17T14:57:02.807533,512486,3.904656,-0.000206,-5.3e-05,192.168.31.108
2026-02-17T14:57:04.838102,514497,3.904313,-0.000275,-7e-05,192.168.31.108
2026-02-17T14:57:06.851938,516508,3.903625,-0.000412,-0.000106,192.168.31.108
2026-02-17T14:57:08.912235,518519,3.90225,-0.000688,-0.000176,192.168.31.108
2026-02-17T14:57:10.909188,520530,3.901563,-0.000825,-0.000211,192.168.31.108
2026-02-17T14:57:12.940550,522541,3.900875,-0.000756,-0.000194,192.168.31.108
2026-02-17T14:57:14.901797,524552,3.899844,-0.000894,-0.000229,192.168.31.108
2026-02-17T14:57:16.913738,526563,3.900531,0.0,0.0,192.168.31.108
2026-02-17T14:57:18.947076,528574,3.912563,0.0,0.0,192.168.31.108
2026-02-17T14:57:20.919839,530585,3.901219,-0.002269,-0.000582,192.168.31.108
2026-02-17T14:57:22.983598,532596,3.8995,-0.002612,-0.00067,192.168.31.108
2026-02-17T14:57:24.965880,534607,3.899156,-0.002681,-0.000688,192.168.31.108
2026-02-17T14:57:26.936109,536619,3.898469,-0.002819,-0.000723,192.168.31.108
2026-02-17T14:57:28.978479,538630,3.897438,-0.003025,-0.000776,192.168.31.108
2026-02-17T14:57:30.974491,540641,3.896407,-0.000962,-0.000247,192.168.31.108
2026-02-17T14:57:32.974290,542652,3.896063,-0.000688,-0.000176,192.168.31.108
2026-02-17T14:57:34.996814,544663,3.895375,-0.000756,-0.000194,192.168.31.108
2026-02-17T14:57:36.991578,546674,3.895375,0.0,0.0,192.168.31.108
2026-02-17T14:57:39.039184,548685,3.894688,-0.000137,-3.5e-05,192.168.31.108
2026-02-17T14:57:41.079153,550696,3.895031,0.0,0.0,192.168.31.108
2026-02-17T14:57:43.082826,552707,3.895031,0.0,0.0,192.168.31.108
2026-02-17T14:57:45.079456,554718,3.895031,0.0,0.0,192.168.31.108
2026-02-17T14:57:47.112096,556729,3.893656,-0.000275,-7.1e-05,192.168.31.108
2026-02-17T14:57:49.134483,558741,3.893312,-0.000344,-8.8e-05,192.168.31.108
2026-02-17T14:57:51.092286,560752,3.89125,-0.000756,-0.000194,192.168.31.108
2026-02-17T14:57:53.130660,562763,3.891594,0.0,0.0,192.168.31.108
2026-02-17T14:57:55.234843,564774,3.890563,-0.000206,-5.3e-05,192.168.31.108
2026-02-17T14:57:57.138454,566785,3.889188,-0.000481,-0.000124,192.168.31.108
2026-02-17T14:57:59.174487,568796,3.889188,0.0,0.0,192.168.31.108
2026-02-17T14:58:01.192648,570807,3.889875,0.0,0.0,192.168.31.108
2026-02-17T14:58:03.154269,572818,3.889875,0.0,0.0,192.168.31.108
2026-02-17T14:58:05.156914,574829,3.889531,-6.9e-05,-1.8e-05,192.168.31.108
2026-02-17T14:58:07.185784,576840,3.888156,-0.000344,-8.8e-05,192.168.31.108
2026-02-17T14:58:09.200111,578851,3.887813,-0.000413,-0.000106,192.168.31.108
2026-02-17T14:58:11.219770,580863,3.886781,-0.000619,-0.000159,192.168.31.108
2026-02-17T14:58:13.205663,582874,3.885406,-0.000894,-0.00023,192.168.31.108
2026-02-17T14:58:15.247906,584885,3.885406,0.0,0.0,192.168.31.108
2026-02-17T14:58:17.200398,586896,3.884719,-0.000138,-3.5e-05,192.168.31.108
2026-02-17T14:58:19.238339,588907,3.883687,-0.000344,-8.9e-05,192.168.31.108
2026-02-17T14:58:21.229043,590919,3.882313,-0.000619,-0.000159,192.168.31.108
2026-02-17T14:58:23.246177,592930,3.883344,0.0,0.0,192.168.31.108
2026-02-17T14:58:25.275788,594941,3.883687,0.0,0.0,192.168.31.108
2026-02-17T14:58:27.337506,596952,3.881969,-0.000344,-8.9e-05,192.168.31.108
2026-02-17T14:58:29.357025,598963,3.880938,-0.00055,-0.000142,192.168.31.108
2026-02-17T14:58:35.465156,604997,3.878188,-0.0011,-0.000284,192.168.31.108
2026-02-17T14:58:37.379476,607007,3.877156,-0.000962,-0.000248,192.168.31.108
2026-02-17T14:58:39.367393,609019,3.877156,0.0,0.0,192.168.31.108
2026-02-17T14:58:41.361885,611030,3.8775,0.0,0.0,192.168.31.108
2026-02-17T14:58:43.425943,613041,3.875782,-0.000344,-8.9e-05,192.168.31.108
2026-02-17T14:58:51.495620,621086,3.874063,-0.000413,-0.000106,192.168.31.108
2026-02-17T14:58:55.581247,625108,3.872,-0.000825,-0.000213,192.168.31.108
2026-02-17T14:58:57.439865,627119,3.870625,-0.000894,-0.000231,192.168.31.108
2026-02-17T14:58:59.466104,629129,3.869594,-0.000962,-0.000249,192.168.31.108
2026-02-17T14:59:01.516075,631141,3.86925,-0.000962,-0.000249,192.168.31.108
2026-02-17T14:59:03.515885,633152,3.868563,-0.000825,-0.000213,192.168.31.108
2026-02-17T14:59:05.493385,635163,3.868563,0.0,0.0,192.168.31.108
2026-02-17T14:59:07.510818,637174,3.868219,-6.9e-05,-1.8e-05,192.168.31.108
2026-02-17T14:59:09.604247,639185,3.867188,-0.000275,-7.1e-05,192.168.31.108
2026-02-17T14:59:11.526840,641196,3.8665,-0.000413,-0.000107,192.168.31.108
2026-02-17T14:59:13.539002,643207,3.865469,-0.000619,-0.00016,192.168.31.108
2026-02-17T14:59:15.552817,645218,3.86375,-0.000962,-0.000249,192.168.31.108
2026-02-17T14:59:17.599256,647229,3.863406,-0.000962,-0.000249,192.168.31.108
2026-02-17T14:59:19.591457,649240,3.861688,-0.0011,-0.000285,192.168.31.108
2026-02-17T14:59:21.590024,651250,3.861344,-0.001031,-0.000267,192.168.31.108
2026-02-17T14:59:23.591598,653262,3.860313,-0.001031,-0.000267,192.168.31.108
2026-02-17T14:59:25.632893,655273,3.859969,-0.000756,-0.000196,192.168.31.108
2026-02-17T14:59:27.599256,657284,3.859969,0.0,0.0,192.168.31.108
2026-02-17T14:59:29.662380,659296,3.859969,0.0,0.0,192.168.31.108
2026-02-17T14:59:31.659862,661307,3.85825,-0.000344,-8.9e-05,192.168.31.108
2026-02-17T14:59:33.658930,663318,3.857219,-0.00055,-0.000143,192.168.31.108
2026-02-17T14:59:37.786183,667340,3.854125,-0.001169,-0.000303,192.168.31.108
2026-02-17T14:59:39.710329,669351,3.853094,-0.001375,-0.000357,192.168.31.108
2026-02-17T14:59:41.727652,671362,3.852063,-0.001238,-0.000321,192.168.31.108
2026-02-17T14:59:43.717991,673373,3.852063,0.0,0.0,192.168.31.108
2026-02-17T14:59:45.773042,675384,3.851719,-6.9e-05,-1.8e-05,192.168.31.108
2026-02-17T14:59:47.704295,677395,3.850344,-0.000344,-8.9e-05,192.168.31.108
2026-02-17T14:59:49.836903,679405,3.849313,-0.00055,-0.000143,192.168.31.108
2026-02-17T14:59:51.825969,681417,3.848969,-0.000619,-0.000161,192.168.31.108
2026-02-17T14:59:53.762723,683428,3.84725,-0.000962,-0.00025,192.168.31.108
2026-02-17T14:59:55.824012,685439,3.846563,-0.001031,-0.000268,192.168.31.108
2026-02-17T14:59:57.766325,687451,3.845531,-0.000962,-0.00025,192.168.31.108
2026-02-17T15:00:03.955015,693484,3.84175,-0.0011,-0.000286,192.168.31.108
2026-02-17T15:00:05.855526,695495,3.840375,-0.001237,-0.000322,192.168.31.108
2026-02-17T15:00:07.904547,697506,3.839688,-0.001169,-0.000304,192.168.31.108
2026-02-17T15:00:09.875819,699517,3.839344,-0.000962,-0.000251,192.168.31.108
2026-02-17T15:00:11.856696,701527,3.839344,0.0,0.0,192.168.31.108
2026-02-17T15:00:13.900105,703539,3.838313,-0.000206,-5.4e-05,192.168.31.108
2026-02-17T15:00:15.875565,705550,3.83625,-0.000619,-0.000161,192.168.31.108
2026-02-17T15:00:17.913408,707560,3.835219,-0.000825,-0.000215,192.168.31.108
2026-02-17T15:00:19.909903,709572,3.823875,-0.003094,-0.000809,192.168.31.108
2026-02-17T15:00:21.927361,711583,3.822844,-0.0033,-0.000863,192.168.31.108
2026-02-17T15:00:24.014614,713594,3.8225,-0.003162,-0.000827,192.168.31.108
2026-02-17T15:00:25.972064,715605,3.820438,-0.003163,-0.000828,192.168.31.108
2026-02-17T15:00:27.959215,717616,3.820094,-0.003025,-0.000792,192.168.31.108
2026-02-17T15:00:29.938672,719627,3.819406,-0.000894,-0.000234,192.168.31.108
2026-02-17T15:00:32.009201,721638,3.818719,-0.000825,-0.000216,192.168.31.108
2026-02-17T15:00:34.012017,723649,3.817688,-0.000962,-0.000252,192.168.31.108
2026-02-17T15:00:36.028965,725661,3.817344,-0.000619,-0.000162,192.168.31.108
2026-02-17T15:00:38.001291,727672,3.815625,-0.000894,-0.000234,192.168.31.108
2026-02-17T15:00:40.022682,729683,3.81425,-0.001031,-0.00027,192.168.31.108
2026-02-17T15:00:42.035652,731695,3.811844,-0.001375,-0.000361,192.168.31.108
2026-02-17T15:00:44.064985,733706,3.81975,0.0,0.0,192.168.31.108
2026-02-17T15:00:46.060893,735717,3.820094,0.0,0.0,192.168.31.108
2026-02-17T15:00:48.063579,737728,3.818375,-0.000344,-9e-05,192.168.31.108
2026-02-17T15:00:50.048717,739739,3.817,-0.000619,-0.000162,192.168.31.108
2026-02-17T15:00:52.238259,741751,3.816313,-0.000756,-0.000198,192.168.31.108
2026-02-17T15:00:54.155019,743762,3.813563,-0.001306,-0.000343,192.168.31.108
2026-02-17T15:00:56.149849,745773,3.813563,0.0,0.0,192.168.31.108
2026-02-17T15:00:58.130420,747784,3.813219,-6.9e-05,-1.8e-05,192.168.31.108
2026-02-17T15:01:00.159751,749795,3.811157,-0.000481,-0.000126,192.168.31.108
2026-02-17T15:01:02.134302,751805,3.809094,-0.000894,-0.000235,192.168.31.108
2026-02-17T15:01:04.123837,753817,3.807032,-0.001306,-0.000343,192.168.31.108
2026-02-17T15:01:06.135176,755828,3.805656,-0.001581,-0.000416,192.168.31.108
2026-02-17T15:01:08.175994,757839,3.805313,-0.001581,-0.000416,192.168.31.108
2026-02-17T15:01:10.218436,759851,3.803594,-0.001513,-0.000398,192.168.31.108
2026-02-17T15:01:12.193198,761862,3.802907,-0.001237,-0.000325,192.168.31.108
2026-02-17T15:01:14.210904,763873,3.801875,-0.001031,-0.000271,192.168.31.108
2026-02-17T15:01:16.230357,765884,3.8005,-0.001031,-0.000271,192.168.31.108
2026-02-17T15:01:18.212297,767895,3.799125,-0.001237,-0.000326,192.168.31.108
2026-02-17T15:01:20.254330,769906,3.798781,-0.000962,-0.000253,192.168.31.108
2026-02-17T15:01:22.260085,771917,3.796719,-0.001238,-0.000326,192.168.31.108
2026-02-17T15:01:24.259362,773927,3.796031,-0.001169,-0.000308,192.168.31.108
2026-02-17T15:01:28.396803,777950,3.768531,-0.006119,-0.001624,192.168.31.108
2026-02-17T15:01:30.288445,779961,3.759594,-0.007837,-0.002085,192.168.31.108
2026-02-17T15:01:32.304956,781973,3.742406,-0.010862,-0.002903,192.168.31.108
2026-02-17T15:01:34.315685,783984,3.744469,0.0,0.0,192.168.31.108
2026-02-17T15:01:36.363513,785995,3.740344,-0.000825,-0.000221,192.168.31.108
2026-02-17T15:01:38.405301,788006,3.737938,-0.001306,-0.000349,192.168.31.108
2026-02-17T15:01:40.341382,790017,3.733813,-0.002131,-0.000571,192.168.31.108
2026-02-17T15:01:42.419255,792028,3.775063,0.0,0.0,192.168.31.108
2026-02-17T15:01:44.348193,794039,3.771969,-0.000619,-0.000164,192.168.31.108
2026-02-17T15:01:46.380841,796050,3.755469,-0.003919,-0.001043,192.168.31.108
2026-02-17T15:01:48.449096,798061,3.756844,0.0,0.0,192.168.31.108
2026-02-17T15:01:50.442933,800072,3.756156,-0.000138,-3.7e-05,192.168.31.108
2026-02-17T15:01:52.443196,802083,3.752719,-0.000825,-0.00022,192.168.31.108
2026-02-17T15:01:54.427971,804095,3.748594,-0.00165,-0.00044,192.168.31.108
2026-02-17T15:01:56.483837,806106,3.747906,-0.001788,-0.000477,192.168.31.108
2026-02-17T15:01:58.477901,808117,3.74275,-0.002819,-0.000753,192.168.31.108
2026-02-17T15:02:00.493053,810129,3.74275,0.0,0.0,192.168.31.108
2026-02-17T15:02:02.480705,812140,3.746531,0.0,0.0,192.168.31.108
2026-02-17T15:02:06.649967,816162,3.730719,-0.003781,-0.001014,192.168.31.108
2026-02-17T15:02:08.500380,818173,3.712844,-0.007356,-0.001981,192.168.31.108
2026-02-17T15:02:14.625319,824206,3.686719,-0.012581,-0.003413,192.168.31.108
2026-02-17T15:02:16.573541,826218,3.679156,-0.010313,-0.002803,192.168.31.108
2026-02-17T15:02:24.699316,834263,3.672282,0.0,0.0,192.168.31.108
2026-02-17T15:02:26.633474,836274,3.676406,0.0,0.0,192.168.31.108
2026-02-17T15:02:30.695717,840296,3.683281,0.0,0.0,192.168.31.108
2026-02-17T15:02:40.810518,850351,3.681562,0.0,0.0,192.168.31.108
2026-02-17T15:02:42.698666,852361,3.680875,-0.000137,-3.7e-05,192.168.31.108
2026-02-17T15:02:44.727720,854373,3.671594,-0.001994,-0.000543,192.168.31.108
2026-02-17T15:02:46.733556,856384,3.678125,0.0,0.0,192.168.31.108
2026-02-17T15:02:50.900916,860406,3.673313,-0.000963,-0.000262,192.168.31.108
2026-02-17T15:02:52.758842,862417,3.670219,-0.001581,-0.000431,192.168.31.108
2026-02-17T15:02:56.889484,866439,3.668156,0.0,0.0,192.168.31.108
2026-02-17T15:02:58.879216,868450,3.658531,-0.001925,-0.000526,192.168.31.108
2026-02-17T15:03:00.806961,870461,3.658875,0.0,0.0,192.168.31.108
2026-02-17T15:03:02.836703,872472,3.658188,-0.000137,-3.8e-05,192.168.31.108
2026-02-17T15:03:04.814737,874483,3.782281,0.0,0.0,192.168.31.108
2026-02-17T15:03:06.890845,876495,3.787438,0.0,0.0,192.168.31.108
2026-02-17T15:03:08.861372,878506,3.868563,0.0,0.0,192.168.31.108
2026-02-17T15:03:10.886330,880517,3.672625,-0.039187,-0.01067,192.168.31.108
2026-02-17T15:03:12.917890,882529,3.66575,-0.040562,-0.011065,192.168.31.108
2026-02-17T15:03:14.899054,884540,3.662657,-0.041181,-0.011244,192.168.31.108
2026-02-17T15:03:16.891206,886551,3.904656,0.0,0.0,192.168.31.108
2026-02-17T15:03:18.908165,888562,3.691531,-0.042625,-0.011547,192.168.31.108
2026-02-17T15:03:20.979194,890573,3.680188,-0.044894,-0.012199,192.168.31.108
2026-02-17T15:03:22.922173,892584,3.674,-0.046131,-0.012556,192.168.31.108
2026-02-17T15:03:25.006388,894596,3.670219,-0.046888,-0.012775,192.168.31.108
2026-02-17T15:03:29.030956,898619,3.664719,-0.005363,-0.001463,192.168.31.108
2026-02-17T15:03:31.010008,900630,3.661625,-0.003713,-0.001014,192.168.31.108
2026-02-17T15:03:32.998105,902640,3.660594,-0.002681,-0.000732,192.168.31.108
2026-02-17T15:03:37.130467,906663,3.6575,-0.001788,-0.000489,192.168.31.108
2026-02-17T15:03:39.028731,908674,3.655094,-0.001925,-0.000527,192.168.31.108
2026-02-17T15:03:43.136440,912696,3.653719,-0.001375,-0.000376,192.168.31.108
2026-02-17T15:03:45.031410,914707,3.652688,-0.0011,-0.000301,192.168.31.108
2026-02-17T15:03:47.117751,916718,3.651313,-0.001237,-0.000339,192.168.31.108
2026-02-17T15:03:49.131595,918729,3.650625,-0.000894,-0.000245,192.168.31.108
2026-02-17T15:03:51.124797,920740,3.649938,-0.000963,-0.000264,192.168.31.108
2026-02-17T15:03:53.153931,922751,3.648219,-0.0011,-0.000302,192.168.31.108
2026-02-17T15:03:55.066554,924761,3.648219,0.0,0.0,192.168.31.108
2026-02-17T15:03:57.104202,926773,3.655438,0.0,0.0,192.168.31.108
2026-02-17T15:03:59.127614,928784,3.667813,0.0,0.0,192.168.31.108
2026-02-17T15:04:01.142494,930795,3.677438,0.0,0.0,192.168.31.108
2026-02-17T15:04:03.145899,932806,3.688781,0.0,0.0,192.168.31.108
2026-02-17T15:04:05.231305,934817,3.685688,-0.000619,-0.000168,192.168.31.108
2026-02-17T15:04:07.187965,936828,3.682594,-0.001238,-0.000336,192.168.31.108
2026-02-17T15:04:09.158949,938839,3.680875,-0.001581,-0.00043,192.168.31.108
2026-02-17T15:04:11.330456,940850,3.680875,0.0,0.0,192.168.31.108
2026-02-17T15:04:13.161134,942861,3.682594,0.0,0.0,192.168.31.108
2026-02-17T15:04:15.240913,944872,3.682938,0.0,0.0,192.168.31.108
2026-02-17T15:04:17.223253,946882,3.682938,0.0,0.0,192.168.31.108
2026-02-17T15:04:19.298435,948894,3.683625,0.0,0.0,192.168.31.108
2026-02-17T15:04:21.232035,950905,3.68225,-0.000275,-7.5e-05,192.168.31.108
2026-02-17T15:04:23.218782,952916,3.680875,-0.00055,-0.000149,192.168.31.108
2026-02-17T15:04:25.271703,954928,3.680188,-0.000688,-0.000187,192.168.31.108
2026-02-17T15:04:27.310780,956939,3.664375,-0.00385,-0.001051,192.168.31.108
2026-02-17T15:04:29.401242,958950,3.651656,-0.006394,-0.001751,192.168.31.108
2026-02-17T15:04:31.296062,960961,3.642719,-0.007906,-0.00217,192.168.31.108
2026-02-17T15:04:33.324573,962972,3.630688,-0.010037,-0.002765,192.168.31.108
2026-02-17T15:04:35.342412,964983,3.628281,-0.010381,-0.002861,192.168.31.108
2026-02-17T15:04:37.376466,966994,3.634469,0.0,0.0,192.168.31.108
2026-02-17T15:04:39.360433,969005,3.63,-0.000894,-0.000246,192.168.31.108
2026-02-17T15:04:41.371282,971016,3.630688,0.0,0.0,192.168.31.108
2026-02-17T15:04:43.404050,973027,3.632063,0.0,0.0,192.168.31.108
2026-02-17T15:04:45.369080,975038,3.628625,-0.000688,-0.000189,192.168.31.108
2026-02-17T15:04:47.435308,977050,3.620719,-0.002269,-0.000627,192.168.31.108
2026-02-17T15:04:49.443605,979061,3.622094,0.0,0.0,192.168.31.108
2026-02-17T15:04:51.470868,981072,3.626219,0.0,0.0,192.168.31.108
2026-02-17T15:04:53.490417,983083,3.625532,-0.000137,-3.8e-05,192.168.31.108
2026-02-17T15:04:55.487833,985094,3.6245,-0.000344,-9.5e-05,192.168.31.108
2026-02-17T15:04:57.512012,987105,3.628281,0.0,0.0,192.168.31.108
2026-02-17T15:04:59.516203,989116,3.630688,0.0,0.0,192.168.31.108
2026-02-17T15:05:01.460760,991127,3.632406,0.0,0.0,192.168.31.108
2026-02-17T15:05:03.481553,993138,3.63275,0.0,0.0,192.168.31.108
2026-02-17T15:05:05.526870,995150,3.627938,-0.000962,-0.000265,192.168.31.108
2026-02-17T15:05:07.506792,997161,3.624156,-0.001719,-0.000474,192.168.31.108
2026-02-17T15:05:09.557363,999173,3.622782,-0.001994,-0.00055,192.168.31.108
2026-02-17T15:05:11.537072,1001184,3.621063,-0.002338,-0.000646,192.168.31.108
2026-02-17T15:05:13.600357,1003195,3.620719,-0.002406,-0.000665,192.168.31.108
2026-02-17T15:05:15.549163,1005207,3.619,-0.001788,-0.000494,192.168.31.108
2026-02-17T15:05:17.541160,1007218,3.619,0.0,0.0,192.168.31.108
2026-02-17T15:05:19.576543,1009229,3.619,0.0,0.0,192.168.31.108
2026-02-17T15:05:21.563469,1011240,3.617625,-0.000275,-7.6e-05,192.168.31.108
2026-02-17T15:05:23.597065,1013251,3.61625,-0.00055,-0.000152,192.168.31.108
2026-02-17T15:05:25.585405,1015262,3.61625,0.0,0.0,192.168.31.108
2026-02-17T15:05:27.656283,1017273,3.616938,0.0,0.0,192.168.31.108
2026-02-17T15:05:29.588194,1019284,3.615906,-0.000206,-5.7e-05,192.168.31.108
2026-02-17T15:05:31.630255,1021295,3.614875,-0.000412,-0.000114,192.168.31.108
2026-02-17T15:05:33.651189,1023306,3.615219,0.0,0.0,192.168.31.108
2026-02-17T15:05:35.663608,1025317,3.614531,-0.000138,-3.8e-05,192.168.31.108
2026-02-17T15:05:37.672638,1027329,3.614188,-0.000206,-5.7e-05,192.168.31.108
2026-02-17T15:05:39.689195,1029340,3.613844,-0.000275,-7.6e-05,192.168.31.108
2026-02-17T15:05:41.723250,1031351,3.613157,-0.000412,-0.000114,192.168.31.108
2026-02-17T15:05:43.849481,1033362,3.612125,-0.000619,-0.000171,192.168.31.108
2026-02-17T15:05:45.734188,1035373,3.612469,0.0,0.0,192.168.31.108
2026-02-17T15:05:47.735656,1037385,3.612813,0.0,0.0,192.168.31.108
2026-02-17T15:05:49.756920,1039396,3.611782,-0.000206,-5.7e-05,192.168.31.108
2026-02-17T15:05:53.895890,1043418,3.610406,-0.000481,-0.000133,192.168.31.108
2026-02-17T15:05:55.805379,1045429,3.609719,-0.000619,-0.000171,192.168.31.108
2026-02-17T15:05:57.818486,1047439,3.609375,-0.000687,-0.00019,192.168.31.108
2026-02-17T15:05:59.756017,1049451,3.609031,-0.00055,-0.000152,192.168.31.108
2026-02-17T15:06:01.842343,1051462,3.608688,-0.000413,-0.000114,192.168.31.108
2026-02-17T15:06:03.832394,1053473,3.608344,-0.000412,-0.000114,192.168.31.108
2026-02-17T15:06:05.885262,1055485,3.607656,-0.000412,-0.000114,192.168.31.108
2026-02-17T15:06:07.957424,1057496,3.607313,-0.000413,-0.000114,192.168.31.108
2026-02-17T15:06:09.870766,1059508,3.606969,-0.000413,-0.000114,192.168.31.108
2026-02-17T15:06:11.820727,1061519,3.606625,-0.000413,-0.000114,192.168.31.108
2026-02-17T15:06:13.861834,1063530,3.605938,-0.000481,-0.000133,192.168.31.108
2026-02-17T15:06:15.942302,1065542,3.605594,-0.000413,-0.000114,192.168.31.108
2026-02-17T15:06:17.976214,1067553,3.641344,0.0,0.0,192.168.31.108
2026-02-17T15:06:19.924724,1069564,3.628625,-0.002544,-0.000701,192.168.31.108
2026-02-17T15:06:21.944363,1071576,3.620375,-0.004194,-0.001158,192.168.31.108
2026-02-17T15:06:23.980994,1073587,3.615906,-0.005088,-0.001407,192.168.31.108
2026-02-17T15:06:25.982014,1075597,3.636188,0.0,0.0,192.168.31.108
2026-02-17T15:06:27.988062,1077609,3.649938,0.0,0.0,192.168.31.108
2026-02-17T15:06:29.956080,1079620,3.626563,-0.004675,-0.001289,192.168.31.108
2026-02-17T15:06:31.949023,1081631,3.619688,-0.00605,-0.001671,192.168.31.108
2026-02-17T15:06:33.980979,1083643,3.613157,-0.007356,-0.002036,192.168.31.108
2026-02-17T15:06:36.075237,1085654,3.611438,-0.0077,-0.002132,192.168.31.108
2026-02-17T15:06:38.043500,1087666,3.737594,0.0,0.0,192.168.31.108
2026-02-17T15:06:39.988208,1089677,3.621407,-0.023237,-0.006417,192.168.31.108
2026-02-17T15:06:42.066250,1091688,3.667125,0.0,0.0,192.168.31.108
2026-02-17T15:06:46.130134,1095710,3.635157,-0.007837,-0.002156,192.168.31.108
2026-02-17T15:06:48.035797,1097720,3.697375,0.0,0.0,192.168.31.108
2026-02-17T15:06:50.116012,1099732,3.623469,-0.014781,-0.004079,192.168.31.108
2026-02-17T15:06:52.041736,1101743,3.620719,-0.015331,-0.004234,192.168.31.108
2026-02-17T15:06:54.065994,1103754,3.615906,-0.016294,-0.004506,192.168.31.108
2026-02-17T15:06:56.086054,1105766,3.611782,-0.017119,-0.00474,192.168.31.108
2026-02-17T15:06:58.159310,1107777,3.613157,0.0,0.0,192.168.31.108
2026-02-17T15:07:00.114708,1109788,3.621407,0.0,0.0,192.168.31.108
2026-02-17T15:07:04.201321,1113810,3.772656,0.0,0.0,192.168.31.108
2026-02-17T15:07:06.226167,1115821,3.658531,-0.022825,-0.006239,192.168.31.108
2026-02-17T15:07:08.166898,1117832,3.656813,-0.023169,-0.006336,192.168.31.108
2026-02-17T15:07:10.147030,1119843,3.654407,-0.02365,-0.006472,192.168.31.108
2026-02-17T15:07:12.220381,1121855,3.653032,-0.023925,-0.006549,192.168.31.108
2026-02-17T15:07:14.164430,1123867,3.651656,-0.0242,-0.006627,192.168.31.108
2026-02-17T15:07:16.187583,1125877,3.650281,-0.00165,-0.000452,192.168.31.108
2026-02-17T15:07:20.367695,1129900,3.629657,-0.00495,-0.001364,192.168.31.108
2026-02-17T15:07:22.249296,1131911,3.61625,-0.007356,-0.002034,192.168.31.108
2026-02-17T15:07:24.250692,1133923,3.612469,-0.007837,-0.00217,192.168.31.108
2026-02-17T15:07:26.331132,1135934,3.620031,0.0,0.0,192.168.31.108
2026-02-17T15:07:28.271721,1137945,3.6135,-0.001306,-0.000361,192.168.31.108
2026-02-17T15:07:30.264174,1139956,3.609031,-0.0022,-0.00061,192.168.31.108
2026-02-17T15:07:32.347066,1141967,3.610063,0.0,0.0,192.168.31.108
2026-02-17T15:07:34.342520,1143978,3.602844,-0.001444,-0.000401,192.168.31.108
2026-02-17T15:07:36.322493,1145989,3.605594,0.0,0.0,192.168.31.108
2026-02-17T15:07:42.469971,1152022,3.647531,0.0,0.0,192.168.31.108
2026-02-17T15:07:44.417215,1154033,3.646156,-0.000275,-7.5e-05,192.168.31.108
2026-02-17T15:07:46.356127,1156045,3.644782,-0.00055,-0.000151,192.168.31.108
2026-02-17T15:07:48.491859,1158056,3.644438,-0.000619,-0.00017,192.168.31.108
2026-02-17T15:07:52.541302,1162079,3.642719,-0.000962,-0.000264,192.168.31.108
2026-02-17T15:07:54.402419,1164090,3.641688,-0.000894,-0.000245,192.168.31.108
2026-02-17T15:07:56.475799,1166101,3.641344,-0.000688,-0.000189,192.168.31.108
2026-02-17T15:07:58.467497,1168112,3.694969,0.0,0.0,192.168.31.108
2026-02-17T15:08:00.498018,1170123,3.617625,-0.015469,-0.004276,192.168.31.108
2026-02-17T15:08:02.515223,1172134,3.616938,-0.015606,-0.004315,192.168.31.108
2026-02-17T15:08:04.524832,1174145,3.604906,-0.018013,-0.004997,192.168.31.108
2026-02-17T15:08:06.495021,1176156,3.601469,-0.0187,-0.005192,192.168.31.108
2026-02-17T15:08:10.595976,1180179,3.597344,-0.004056,-0.001128,192.168.31.108
2026-02-17T15:08:12.604828,1182190,3.596313,-0.004125,-0.001147,192.168.31.108
2026-02-17T15:08:14.567371,1184202,3.786406,0.0,0.0,192.168.31.108
2026-02-17T15:08:16.593441,1186213,3.609719,-0.035337,-0.00979,192.168.31.108
2026-02-17T15:08:18.555012,1188224,3.655781,0.0,0.0,192.168.31.108
2026-02-17T15:08:20.645217,1190235,3.617625,-0.007631,-0.002109,192.168.31.108
2026-02-17T15:08:22.588165,1192246,3.611094,-0.008938,-0.002475,192.168.31.108
2026-02-17T15:08:24.611918,1194257,3.741031,0.0,0.0,192.168.31.108
2026-02-17T15:08:26.570649,1196268,3.615906,-0.025025,-0.006921,192.168.31.108
2026-02-17T15:08:28.607299,1198279,3.608688,-0.026469,-0.007335,192.168.31.108
2026-02-17T15:08:30.604113,1200291,3.703219,0.0,0.0,192.168.31.108
2026-02-17T15:08:32.684132,1202302,3.616938,-0.017256,-0.004771,192.168.31.108
2026-02-17T15:08:34.605466,1204313,3.609719,-0.0187,-0.00518,192.168.31.108
2026-02-17T15:08:36.705063,1206325,3.607656,-0.019112,-0.005298,192.168.31.108
2026-02-17T15:08:38.723949,1208336,3.635157,0.0,0.0,192.168.31.108
2026-02-17T15:08:40.697807,1210347,3.729688,0.0,0.0,192.168.31.108
2026-02-17T15:08:42.701148,1212358,3.607313,-0.024475,-0.006785,192.168.31.108
2026-02-17T15:08:44.725149,1214369,3.60525,-0.024887,-0.006903,192.168.31.108
2026-02-17T15:08:46.684402,1216381,3.604219,-0.025094,-0.006962,192.168.31.108
2026-02-17T15:08:48.767446,1218392,3.608,0.0,0.0,192.168.31.108
2026-02-17T15:08:50.717709,1220403,3.667469,0.0,0.0,192.168.31.108
2026-02-17T15:08:52.733925,1222414,3.621063,-0.009281,-0.002563,192.168.31.108
2026-02-17T15:08:54.766999,1224425,3.612813,-0.010931,-0.003026,192.168.31.108
2026-02-17T15:08:56.756706,1226436,3.605594,-0.012375,-0.003432,192.168.31.108
2026-02-17T15:08:58.754145,1228448,3.745844,0.0,0.0,192.168.31.108
2026-02-17T15:09:00.817745,1230459,3.622782,-0.024612,-0.006794,192.168.31.108
2026-02-17T15:09:02.833527,1232470,3.629313,0.0,0.0,192.168.31.108
2026-02-17T15:09:04.865531,1234481,3.634469,0.0,0.0,192.168.31.108
2026-02-17T15:09:06.872283,1236492,3.8115,0.0,0.0,192.168.31.108
2026-02-17T15:09:08.877819,1238503,3.668844,-0.028531,-0.007777,192.168.31.108
2026-02-17T15:09:10.822374,1240514,3.628969,-0.036506,-0.01006,192.168.31.108
2026-02-17T15:09:12.807241,1242525,3.636188,0.0,0.0,192.168.31.108
2026-02-17T15:09:14.891312,1244536,3.626563,-0.001925,-0.000531,192.168.31.108
2026-02-17T15:09:16.879035,1246547,3.746188,0.0,0.0,192.168.31.108
2026-02-17T15:09:18.911743,1248558,3.659219,-0.017394,-0.004753,192.168.31.108
2026-02-17T15:09:20.912049,1250570,3.753062,0.0,0.0,192.168.31.108
2026-02-17T15:09:22.899922,1252581,3.702875,-0.010037,-0.002711,192.168.31.108
2026-02-17T15:09:24.935081,1254592,3.766469,0.0,0.0,192.168.31.108
2026-02-17T15:09:26.953886,1256604,3.690844,-0.015125,-0.004098,192.168.31.108
2026-02-17T15:09:28.974544,1258615,3.804969,0.0,0.0,192.168.31.108
2026-02-17T15:09:30.997025,1260626,3.632406,-0.034512,-0.009501,192.168.31.108
2026-02-17T15:09:32.940388,1262637,3.62175,-0.036644,-0.010118,192.168.31.108
2026-02-17T15:09:34.978710,1264649,3.614875,-0.038019,-0.010517,192.168.31.108
2026-02-17T15:09:36.986660,1266661,3.609375,-0.039119,-0.010838,192.168.31.108
2026-02-17T15:09:38.966681,1268673,3.606281,-0.039738,-0.011019,192.168.31.108
2026-02-17T15:09:41.028311,1270684,3.6025,-0.005981,-0.00166,192.168.31.108
2026-02-17T15:09:43.058065,1272696,3.600438,-0.004262,-0.001184,192.168.31.108
2026-02-17T15:09:45.025276,1274707,3.645125,0.0,0.0,192.168.31.108
2026-02-17T15:09:47.049124,1276718,3.598375,-0.00935,-0.002598,192.168.31.108
2026-02-17T15:09:49.074083,1278730,3.596656,-0.009694,-0.002695,192.168.31.108
2026-02-17T15:09:51.097681,1280742,3.595969,-0.009831,-0.002734,192.168.31.108
2026-02-17T15:09:53.104426,1282753,3.595281,-0.009969,-0.002773,192.168.31.108
2026-02-17T15:09:55.118294,1284765,3.594938,-0.010037,-0.002792,192.168.31.108
2026-02-17T15:09:57.130684,1286776,3.641344,0.0,0.0,192.168.31.108
2026-02-17T15:09:59.149254,1288787,3.639625,-0.000344,-9.4e-05,192.168.31.108
2026-02-17T15:10:01.148301,1290798,3.641688,0.0,0.0,192.168.31.108
2026-02-17T15:10:03.172674,1292809,3.600094,-0.008319,-0.002311,192.168.31.108
2026-02-17T15:10:05.204572,1294820,3.604563,0.0,0.0,192.168.31.108
2026-02-17T15:10:07.221737,1296831,3.601125,-0.000687,-0.000191,192.168.31.108
2026-02-17T15:10:09.230791,1298842,3.601125,0.0,0.0,192.168.31.108
2026-02-17T15:10:11.149807,1300853,3.601813,0.0,0.0,192.168.31.108
2026-02-17T15:10:13.166022,1302864,3.618313,0.0,0.0,192.168.31.108
2026-02-17T15:10:15.193391,1304875,3.641344,0.0,0.0,192.168.31.108
2026-02-17T15:10:17.174420,1306886,3.606625,-0.006944,-0.001925,192.168.31.108
2026-02-17T15:10:21.318891,1310908,3.6905,-0.0088,-0.002385,192.168.31.108
2026-02-17T15:10:23.264437,1312920,3.699781,0.0,0.0,192.168.31.108
2026-02-17T15:10:25.258136,1314931,3.700469,0.0,0.0,192.168.31.108
2026-02-17T15:10:27.289228,1316942,3.704594,0.0,0.0,192.168.31.108
2026-02-17T15:10:29.247540,1318953,3.705281,0.0,0.0,192.168.31.108
2026-02-17T15:10:31.311250,1320964,3.709063,0.0,0.0,192.168.31.108
2026-02-17T15:10:33.330411,1322975,3.772313,0.0,0.0,192.168.31.108
2026-02-17T15:10:35.378286,1324986,3.718,-0.010862,-0.002922,192.168.31.108
2026-02-17T15:10:37.337014,1326996,3.646844,-0.025094,-0.006881,192.168.31.108
2026-02-17T15:10:39.366316,1329008,3.642375,-0.025988,-0.007135,192.168.31.108
2026-02-17T15:10:41.389021,1331019,3.645125,0.0,0.0,192.168.31.108
2026-02-17T15:10:43.337464,1333030,3.697375,0.0,0.0,192.168.31.108
2026-02-17T15:10:45.385373,1335041,3.648219,-0.009831,-0.002695,192.168.31.108
2026-02-17T15:10:47.403044,1337052,3.760625,0.0,0.0,192.168.31.108
2026-02-17T15:10:49.381279,1339063,3.760969,0.0,0.0,192.168.31.108
2026-02-17T15:10:51.394561,1341074,3.766813,0.0,0.0,192.168.31.108
2026-02-17T15:10:53.502813,1343085,3.769563,0.0,0.0,192.168.31.108
2026-02-17T15:10:55.437097,1345096,3.683625,-0.017188,-0.004666,192.168.31.108
2026-02-17T15:10:57.452146,1347107,3.7565,0.0,0.0,192.168.31.108
2026-02-17T15:10:59.447862,1349117,3.640656,-0.023169,-0.006364,192.168.31.108
2026-02-17T15:11:01.510655,1351129,3.73175,0.0,0.0,192.168.31.108
2026-02-17T15:11:03.461227,1353140,3.784688,0.0,0.0,192.168.31.108
2026-02-17T15:11:05.487240,1355151,3.760969,-0.004744,-0.001261,192.168.31.108
2026-02-17T15:11:07.456540,1357163,3.64375,-0.028187,-0.007736,192.168.31.108
2026-02-17T15:11:09.526280,1359174,3.632063,-0.030525,-0.008404,192.168.31.108
2026-02-17T15:11:11.491505,1361185,3.840719,0.0,0.0,192.168.31.108
2026-02-17T15:11:13.535918,1363196,3.6245,-0.043244,-0.011931,192.168.31.108
2026-02-17T15:11:15.520395,1365207,3.617281,-0.044687,-0.012354,192.168.31.108
2026-02-17T15:11:17.593516,1367218,3.611094,-0.045925,-0.012718,192.168.31.108
2026-02-17T15:11:19.608808,1369229,3.606281,-0.046887,-0.013002,192.168.31.108
2026-02-17T15:11:21.578758,1371240,3.6025,-0.047644,-0.013225,192.168.31.108
2026-02-17T15:11:23.539680,1373252,3.599406,-0.005019,-0.001394,192.168.31.108
2026-02-17T15:11:25.607798,1375263,3.596313,-0.004194,-0.001166,192.168.31.108
2026-02-17T15:11:27.657157,1377273,3.593563,-0.003506,-0.000976,192.168.31.108
2026-02-17T15:11:29.642422,1379285,3.591844,-0.002887,-0.000804,192.168.31.108
2026-02-17T15:11:31.678933,1381296,3.590125,-0.002475,-0.000689,192.168.31.108
2026-02-17T15:11:33.674842,1383307,3.588406,-0.0022,-0.000613,192.168.31.108
2026-02-17T15:11:35.673676,1385319,3.587375,-0.001788,-0.000498,192.168.31.108
2026-02-17T15:11:37.663877,1387330,3.586,-0.001513,-0.000422,192.168.31.108
2026-02-17T15:11:39.700737,1389341,3.584625,-0.001444,-0.000403,192.168.31.108
2026-02-17T15:11:41.703997,1391352,3.58325,-0.001375,-0.000384,192.168.31.108
2026-02-17T15:11:43.647147,1393363,3.582219,-0.001237,-0.000345,192.168.31.108
2026-02-17T15:11:45.719815,1395374,3.581187,-0.001238,-0.000346,192.168.31.108
2026-02-17T15:11:47.805519,1397385,3.581187,0.0,0.0,192.168.31.108
2026-02-17T15:11:49.772520,1399395,3.580157,-0.000206,-5.8e-05,192.168.31.108
2026-02-17T15:11:51.780247,1401407,3.578781,-0.000481,-0.000134,192.168.31.108
2026-02-17T15:11:53.741483,1403418,3.578094,-0.000619,-0.000173,192.168.31.108
2026-02-17T15:11:55.768060,1405429,3.57775,-0.000687,-0.000192,192.168.31.108
2026-02-17T15:11:57.764266,1407441,3.576719,-0.000894,-0.00025,192.168.31.108
2026-02-17T15:11:59.890625,1409452,3.576375,-0.000756,-0.000211,192.168.31.108
2026-02-17T15:12:01.858739,1411463,3.575688,-0.000619,-0.000173,192.168.31.108
2026-02-17T15:12:03.845318,1413474,3.576375,0.0,0.0,192.168.31.108
2026-02-17T15:12:05.854942,1415485,3.576719,0.0,0.0,192.168.31.108
2026-02-17T15:12:07.822745,1417496,3.575344,-0.000275,-7.7e-05,192.168.31.108
2026-02-17T15:12:09.811316,1419507,3.574313,-0.000481,-0.000135,192.168.31.108
2026-02-17T15:12:11.831391,1421518,3.574656,0.0,0.0,192.168.31.108
2026-02-17T15:12:13.884809,1423529,3.575,0.0,0.0,192.168.31.108
2026-02-17T15:12:15.887583,1425540,3.573969,-0.000206,-5.8e-05,192.168.31.108
2026-02-17T15:12:17.940272,1427550,3.573281,-0.000344,-9.6e-05,192.168.31.108
2026-02-17T15:12:19.946873,1429562,3.572937,-0.000413,-0.000115,192.168.31.108
2026-02-17T15:12:21.941333,1431574,3.571907,-0.000619,-0.000173,192.168.31.108
2026-02-17T15:12:23.945312,1433585,3.571907,0.0,0.0,192.168.31.108
2026-02-17T15:12:25.913513,1435596,3.57225,0.0,0.0,192.168.31.108
2026-02-17T15:12:27.911311,1437607,3.571907,-6.9e-05,-1.9e-05,192.168.31.108
2026-02-17T15:12:30.034654,1439618,3.570875,-0.000275,-7.7e-05,192.168.31.108
2026-02-17T15:12:31.926891,1441629,3.570531,-0.000344,-9.6e-05,192.168.31.108
2026-02-17T15:12:34.044138,1443640,3.569844,-0.000481,-0.000135,192.168.31.108
2026-02-17T15:12:35.973186,1445651,3.569844,0.0,0.0,192.168.31.108
2026-02-17T15:12:37.971714,1447662,3.569844,0.0,0.0,192.168.31.108
2026-02-17T15:12:39.971140,1449673,3.569156,-0.000137,-3.9e-05,192.168.31.108
2026-02-17T15:12:42.001700,1451685,3.568125,-0.000344,-9.6e-05,192.168.31.108
2026-02-17T15:12:44.021271,1453696,3.568813,0.0,0.0,192.168.31.108
2026-02-17T15:12:46.060823,1455707,3.574656,0.0,0.0,192.168.31.108
2026-02-17T15:12:48.065039,1457718,3.571907,-0.00055,-0.000154,192.168.31.108
2026-02-17T15:12:50.080369,1459729,3.567781,-0.001375,-0.000385,192.168.31.108
2026-02-17T15:12:52.044776,1461740,3.567094,-0.001512,-0.000424,192.168.31.108
2026-02-17T15:12:54.091068,1463751,3.5695,0.0,0.0,192.168.31.108
2026-02-17T15:12:56.049791,1465762,3.568469,-0.000206,-5.8e-05,192.168.31.108
2026-02-17T15:12:58.120646,1467773,3.567094,-0.000481,-0.000135,192.168.31.108
2026-02-17T15:13:00.142499,1469784,3.565719,-0.000756,-0.000212,192.168.31.108
2026-02-17T15:13:02.147214,1471795,3.565719,0.0,0.0,192.168.31.108
2026-02-17T15:13:04.135471,1473806,3.565719,0.0,0.0,192.168.31.108
2026-02-17T15:13:06.120836,1475817,3.565031,-0.000138,-3.9e-05,192.168.31.108
2026-02-17T15:13:08.133149,1477828,3.565031,0.0,0.0,192.168.31.108
2026-02-17T15:13:10.187236,1479840,3.565031,0.0,0.0,192.168.31.108
2026-02-17T15:13:12.154604,1481851,3.564344,-0.000137,-3.9e-05,192.168.31.108
2026-02-17T15:13:14.230314,1483862,3.563656,-0.000275,-7.7e-05,192.168.31.108
2026-02-17T15:13:16.210710,1485873,3.563313,-0.000344,-9.6e-05,192.168.31.108
2026-02-17T15:13:18.220341,1487884,3.563313,0.0,0.0,192.168.31.108
2026-02-17T15:13:20.247739,1489895,3.563313,0.0,0.0,192.168.31.108
2026-02-17T15:13:22.297582,1491906,3.563656,0.0,0.0,192.168.31.108
2026-02-17T15:13:24.205104,1493917,3.562625,-0.000206,-5.8e-05,192.168.31.108
2026-02-17T15:13:26.265019,1495928,3.561938,-0.000344,-9.7e-05,192.168.31.108
2026-02-17T15:13:28.262177,1497939,3.568125,0.0,0.0,192.168.31.108
2026-02-17T15:13:30.295507,1499949,3.582906,0.0,0.0,192.168.31.108
2026-02-17T15:13:32.267147,1501961,3.596313,0.0,0.0,192.168.31.108
2026-02-17T15:13:34.337129,1503972,3.607656,0.0,0.0,192.168.31.108
2026-02-17T15:13:36.331458,1505983,3.605594,-0.000413,-0.000114,192.168.31.108
2026-02-17T15:13:38.276400,1507994,3.603532,-0.000825,-0.000229,192.168.31.108
2026-02-17T15:13:40.292589,1510005,3.602156,-0.0011,-0.000305,192.168.31.108
2026-02-17T15:13:42.403465,1512016,3.600094,-0.001513,-0.00042,192.168.31.108
2026-02-17T15:13:44.387999,1514027,3.601125,0.0,0.0,192.168.31.108
2026-02-17T15:13:48.498911,1518049,3.604219,0.0,0.0,192.168.31.108
2026-02-17T15:13:54.460808,1524082,3.603875,-0.000137,-3.8e-05,192.168.31.108
2026-02-17T15:13:56.401945,1526093,3.603875,0.0,0.0,192.168.31.108
2026-02-17T15:14:00.634765,1530115,3.602844,-0.000206,-5.7e-05,192.168.31.108
2026-02-17T15:14:02.483442,1532126,3.603188,0.0,0.0,192.168.31.108
2026-02-17T15:14:04.489438,1534137,3.602844,-6.9e-05,-1.9e-05,192.168.31.108
2026-02-17T15:14:06.466926,1536149,3.602844,0.0,0.0,192.168.31.108
2026-02-17T15:14:08.443163,1538160,3.6025,-6.9e-05,-1.9e-05,192.168.31.108
2026-02-17T15:14:10.598300,1540171,3.602844,0.0,0.0,192.168.31.108
2026-02-17T15:14:12.538846,1542182,3.602844,0.0,0.0,192.168.31.108
2026-02-17T15:14:14.547887,1544192,3.602156,-0.000138,-3.8e-05,192.168.31.108
2026-02-17T15:14:16.576741,1546204,3.601813,-0.000206,-5.7e-05,192.168.31.108
2026-02-17T15:14:18.517503,1548215,3.600781,-0.000413,-0.000115,192.168.31.108
2026-02-17T15:14:20.542004,1550226,3.600438,-0.000481,-0.000134,192.168.31.108
2026-02-17T15:14:22.562099,1552237,3.59975,-0.000619,-0.000172,192.168.31.108
2026-02-17T15:14:24.548911,1554249,3.599063,-0.000619,-0.000172,192.168.31.108
2026-02-17T15:14:26.591573,1556260,3.597688,-0.000825,-0.000229,192.168.31.108
2026-02-17T15:14:28.591577,1558271,3.598032,0.0,0.0,192.168.31.108
2026-02-17T15:14:30.646887,1560282,3.598719,0.0,0.0,192.168.31.108
2026-02-17T15:14:32.646131,1562293,3.597344,-0.000275,-7.6e-05,192.168.31.108
2026-02-17T15:14:34.687964,1564304,3.598719,0.0,0.0,192.168.31.108
2026-02-17T15:14:36.694830,1566315,3.597688,-0.000206,-5.7e-05,192.168.31.108
2026-02-17T15:14:46.747760,1576370,3.598375,0.0,0.0,192.168.31.108
2026-02-17T15:14:48.768787,1578381,3.597688,-0.000137,-3.8e-05,192.168.31.108
2026-02-17T15:14:50.780892,1580393,3.597344,-0.000206,-5.7e-05,192.168.31.108
2026-02-17T15:14:52.796057,1582404,3.597344,0.0,0.0,192.168.31.108
2026-02-17T15:14:54.777315,1584415,3.597,-6.9e-05,-1.9e-05,192.168.31.108
2026-02-17T15:14:56.792168,1586426,3.597,0.0,0.0,192.168.31.108
2026-02-17T15:14:58.741236,1588437,3.588063,-0.001787,-0.000498,192.168.31.108
2026-02-17T15:15:00.734047,1590448,3.578781,-0.003644,-0.001018,192.168.31.108
2026-02-17T15:15:02.792105,1592459,3.573625,-0.004675,-0.001308,192.168.31.108
2026-02-17T15:15:06.975534,1596482,3.561938,-0.007013,-0.001969,192.168.31.108
2026-02-17T15:15:08.891903,1598493,3.55575,-0.006462,-0.001817,192.168.31.108
2026-02-17T15:15:10.811927,1600504,3.547844,-0.006188,-0.001744,192.168.31.108
2026-02-17T15:15:12.793726,1602516,3.546813,-0.005363,-0.001512,192.168.31.108
2026-02-17T15:15:14.822750,1604527,3.546813,0.0,0.0,192.168.31.108
2026-02-17T15:15:16.881486,1606538,3.550938,0.0,0.0,192.168.31.108
2026-02-17T15:15:18.877632,1608549,3.546469,-0.000894,-0.000252,192.168.31.108
2026-02-17T15:15:20.937702,1610560,3.541656,-0.001856,-0.000524,192.168.31.108
2026-02-17T15:15:22.885554,1612571,3.53925,-0.002338,-0.00066,192.168.31.108
2026-02-17T15:15:24.957160,1614582,3.540625,0.0,0.0,192.168.31.108
2026-02-17T15:15:26.898805,1616593,3.542344,0.0,0.0,192.168.31.108
2026-02-17T15:15:28.910976,1618604,3.543375,0.0,0.0,192.168.31.108
2026-02-17T15:15:35.051902,1624637,3.545094,0.0,0.0,192.168.31.108
2026-02-17T15:15:37.428560,1626648,3.545094,0.0,0.0,192.168.31.108
2026-02-17T15:15:39.043985,1628659,3.545094,0.0,0.0,192.168.31.108
2026-02-17T15:15:40.980360,1630670,3.54475,-6.9e-05,-1.9e-05,192.168.31.108
2026-02-17T15:15:43.041099,1632681,3.54475,0.0,0.0,192.168.31.108
2026-02-17T15:15:44.991763,1634692,3.54475,0.0,0.0,192.168.31.108
2026-02-17T15:15:47.046171,1636703,3.544063,-0.000138,-3.9e-05,192.168.31.108
2026-02-17T15:15:49.009089,1638714,3.544063,0.0,0.0,192.168.31.108
2026-02-17T15:15:51.055516,1640725,3.544063,0.0,0.0,192.168.31.108
2026-02-17T15:15:53.061877,1642736,3.543719,-6.9e-05,-1.9e-05,192.168.31.108
2026-02-17T15:15:57.211899,1646758,3.543375,0.0,0.0,192.168.31.108
2026-02-17T15:16:01.226306,1650780,3.543719,0.0,0.0,192.168.31.108
2026-02-17T15:16:03.109924,1652791,3.544063,0.0,0.0,192.168.31.108
2026-02-17T15:16:05.193953,1654802,3.543719,-6.9e-05,-1.9e-05,192.168.31.108
2026-02-17T15:16:07.179473,1656814,3.543375,-0.000137,-3.9e-05,192.168.31.108
2026-02-17T15:16:09.210419,1658825,3.543375,0.0,0.0,192.168.31.108
2026-02-17T15:16:11.213505,1660836,3.543375,0.0,0.0,192.168.31.108
2026-02-17T15:16:15.255816,1664858,3.542344,0.0,0.0,192.168.31.108
2026-02-17T15:16:17.230376,1666869,3.542688,0.0,0.0,192.168.31.108
2026-02-17T15:16:19.221571,1668880,3.544063,0.0,0.0,192.168.31.108
2026-02-17T15:16:21.269580,1670891,3.545781,0.0,0.0,192.168.31.108
2026-02-17T15:16:23.235511,1672902,3.546125,0.0,0.0,192.168.31.108
2026-02-17T15:16:25.219152,1674913,3.545781,-6.9e-05,-1.9e-05,192.168.31.108
2026-02-17T15:16:27.210699,1676924,3.545094,-0.000206,-5.8e-05,192.168.31.108
2026-02-17T15:16:29.294803,1678935,3.54475,-0.000275,-7.8e-05,192.168.31.108
2026-02-17T15:16:31.283486,1680946,3.543719,-0.000481,-0.000136,192.168.31.108
2026-02-17T15:16:33.265784,1682957,3.543719,0.0,0.0,192.168.31.108
2026-02-17T15:16:35.259154,1684968,3.542,-0.000344,-9.7e-05,192.168.31.108
2026-02-17T15:16:37.317156,1686979,3.540282,-0.000687,-0.000194,192.168.31.108
2026-02-17T15:16:39.353380,1688990,3.540282,0.0,0.0,192.168.31.108
2026-02-17T15:16:43.469512,1693013,3.539594,-0.000206,-5.8e-05,192.168.31.108
2026-02-17T15:16:45.295695,1695023,3.539937,0.0,0.0,192.168.31.108
2026-02-17T15:16:47.395105,1697035,3.540282,0.0,0.0,192.168.31.108
2026-02-17T15:16:49.378670,1699046,3.539594,-0.000137,-3.9e-05,192.168.31.108
2026-02-17T15:16:51.357468,1701057,3.538563,-0.000344,-9.7e-05,192.168.31.108
2026-02-17T15:16:53.423732,1703069,3.538906,0.0,0.0,192.168.31.108
2026-02-17T15:16:55.358117,1705080,3.538219,-0.000138,-3.9e-05,192.168.31.108
2026-02-17T15:16:57.376448,1707091,3.537531,-0.000275,-7.8e-05,192.168.31.108
2026-02-17T15:16:59.407635,1709102,3.537531,0.0,0.0,192.168.31.108
2026-02-17T15:17:01.410846,1711113,3.538906,0.0,0.0,192.168.31.108
2026-02-17T15:17:03.439716,1713124,3.539937,0.0,0.0,192.168.31.108
2026-02-17T15:17:05.458513,1715135,3.542344,0.0,0.0,192.168.31.108
2026-02-17T15:17:07.475981,1717146,3.544406,0.0,0.0,192.168.31.108
2026-02-17T15:17:09.471591,1719158,3.543375,-0.000206,-5.8e-05,192.168.31.108
2026-02-17T15:17:11.438269,1721169,3.543719,0.0,0.0,192.168.31.108
2026-02-17T15:17:13.502747,1723180,3.545094,0.0,0.0,192.168.31.108
2026-02-17T15:17:15.506545,1725191,3.547156,0.0,0.0,192.168.31.108
2026-02-17T15:17:17.530041,1727202,3.546813,-6.9e-05,-1.9e-05,192.168.31.108
2026-02-17T15:17:19.500300,1729213,3.544406,-0.00055,-0.000155,192.168.31.108
2026-02-17T15:17:21.501570,1731224,3.542,-0.001031,-0.000291,192.168.31.108
2026-02-17T15:17:23.584340,1733235,3.539937,-0.001444,-0.000408,192.168.31.108
2026-02-17T15:17:27.661396,1737257,3.538219,-0.001719,-0.000486,192.168.31.108
2026-02-17T15:17:29.544845,1739267,3.537875,-0.001306,-0.000369,192.168.31.108
2026-02-17T15:17:31.562356,1741279,3.536844,-0.001031,-0.000292,192.168.31.108
2026-02-17T15:17:33.650221,1743290,3.536156,-0.000756,-0.000214,192.168.31.108
2026-02-17T15:17:35.638499,1745301,3.534781,-0.000756,-0.000214,192.168.31.108
2026-02-17T15:17:37.627650,1747313,3.534438,-0.000756,-0.000214,192.168.31.108
2026-02-17T15:17:39.648450,1749324,3.53375,-0.000825,-0.000233,192.168.31.108
2026-02-17T15:17:41.653361,1751335,3.534094,0.0,0.0,192.168.31.108
2026-02-17T15:17:43.631447,1753346,3.534094,0.0,0.0,192.168.31.108
2026-02-17T15:17:45.637528,1755357,3.533406,-0.000138,-3.9e-05,192.168.31.108
2026-02-17T15:17:49.782433,1759379,3.532719,-0.000275,-7.8e-05,192.168.31.108
2026-02-17T15:17:51.660776,1761390,3.532719,0.0,0.0,192.168.31.108
2026-02-17T15:17:53.723188,1763401,3.532032,-0.000137,-3.9e-05,192.168.31.108
2026-02-17T15:17:55.752965,1765412,3.531344,-0.000275,-7.8e-05,192.168.31.108
2026-02-17T15:17:57.725390,1767422,3.532032,0.0,0.0,192.168.31.108
2026-02-17T15:17:59.712351,1769434,3.532032,0.0,0.0,192.168.31.108
2026-02-17T15:18:01.794308,1771445,3.532032,0.0,0.0,192.168.31.108
2026-02-17T15:18:03.790939,1773456,3.531687,-6.9e-05,-1.9e-05,192.168.31.108
2026-02-17T15:18:05.793492,1775468,3.807375,0.0,0.0,192.168.31.108
2026-02-17T15:18:07.760625,1777479,3.843125,0.0,0.0,192.168.31.108
2026-02-17T15:18:09.823428,1779490,3.8665,0.0,0.0,192.168.31.108
2026-02-17T15:18:11.861952,1781501,3.883344,0.0,0.0,192.168.31.108
2026-02-17T15:18:13.796829,1783512,3.89675,0.0,0.0,192.168.31.108
2026-02-17T15:18:15.839574,1785523,3.906375,0.0,0.0,192.168.31.108
2026-02-17T15:18:17.845351,1787534,3.914969,0.0,0.0,192.168.31.108
2026-02-17T15:18:19.826617,1789545,3.923219,0.0,0.0,192.168.31.108
2026-02-17T15:18:21.861284,1791556,3.928719,0.0,0.0,192.168.31.108
2026-02-17T15:18:23.836194,1793567,3.934219,0.0,0.0,192.168.31.108
2026-02-17T15:18:25.917028,1795578,3.939719,0.0,0.0,192.168.31.108
2026-02-17T15:18:27.949718,1797589,3.944188,0.0,0.0,192.168.31.108
2026-02-17T15:18:29.910083,1799600,3.947625,0.0,0.0,192.168.31.108
2026-02-17T15:18:31.884826,1801611,3.951406,0.0,0.0,192.168.31.108
2026-02-17T15:18:33.964981,1803622,3.955188,0.0,0.0,192.168.31.108
2026-02-17T15:18:35.961330,1805633,3.958625,0.0,0.0,192.168.31.108
2026-02-17T15:18:38.048234,1807645,3.961031,0.0,0.0,192.168.31.108
2026-02-17T15:18:40.035216,1809657,3.964469,0.0,0.0,192.168.31.108
2026-02-17T15:18:41.989283,1811668,3.967219,0.0,0.0,192.168.31.108
2026-02-17T15:18:44.015440,1813680,3.968594,0.0,0.0,192.168.31.108
2026-02-17T15:18:46.042179,1815691,3.971344,0.0,0.0,192.168.31.108
2026-02-17T15:18:50.125626,1819713,3.975469,0.0,0.0,192.168.31.108
2026-02-17T15:18:52.028862,1821724,3.977531,0.0,0.0,192.168.31.108
2026-02-17T15:18:54.024727,1823735,3.978907,0.0,0.0,192.168.31.108
2026-02-17T15:18:56.026533,1825747,3.980969,0.0,0.0,192.168.31.108
2026-02-17T15:18:58.017767,1827757,3.982688,0.0,0.0,192.168.31.108
2026-02-17T15:19:00.068728,1829769,3.98475,0.0,0.0,192.168.31.108
2026-02-17T15:19:02.049502,1831780,3.986125,0.0,0.0,192.168.31.108
2026-02-17T15:19:04.112334,1833791,3.9875,0.0,0.0,192.168.31.108
2026-02-17T15:19:06.090136,1835802,3.988532,0.0,0.0,192.168.31.108
2026-02-17T15:19:08.144442,1837813,3.99025,0.0,0.0,192.168.31.108
2026-02-17T15:19:10.145432,1839823,3.991969,0.0,0.0,192.168.31.108
2026-02-17T15:19:12.171676,1841835,3.993,0.0,0.0,192.168.31.108
2026-02-17T15:19:14.190096,1843846,3.994031,0.0,0.0,192.168.31.108
2026-02-17T15:19:16.177056,1845857,3.995406,0.0,0.0,192.168.31.108
2026-02-17T15:19:18.191449,1847868,3.996782,0.0,0.0,192.168.31.108
2026-02-17T15:19:20.190443,1849879,3.998157,0.0,0.0,192.168.31.108
2026-02-17T15:19:22.153343,1851890,3.999188,0.0,0.0,192.168.31.108
2026-02-17T15:19:24.168915,1853901,3.999875,0.0,0.0,192.168.31.108
2026-02-17T15:19:26.234235,1855912,4.000906,0.0,0.0,192.168.31.108
2026-02-17T15:19:28.247867,1857923,4.001937,0.0,0.0,192.168.31.108
2026-02-17T15:19:30.258755,1859934,3.757875,-0.048812,-0.012989,192.168.31.108
2026-02-17T15:19:32.338690,1861945,3.782969,0.0,0.0,192.168.31.108
2026-02-17T15:19:34.285372,1863957,3.998157,0.0,0.0,192.168.31.108
2026-02-17T15:19:36.283884,1865968,3.761313,-0.047369,-0.012594,192.168.31.108
2026-02-17T15:19:38.282347,1867979,3.762687,0.0,0.0,192.168.31.108
2026-02-17T15:19:40.290533,1869991,3.7565,-0.001237,-0.000329,192.168.31.108
2026-02-17T15:19:42.321473,1872002,3.746875,-0.003162,-0.000844,192.168.31.108
2026-02-17T15:19:44.342643,1874013,3.735531,-0.005431,-0.001454,192.168.31.108
2026-02-17T15:19:46.299343,1876024,3.727281,-0.007081,-0.0019,192.168.31.108
2026-02-17T15:19:48.315096,1878035,3.751688,0.0,0.0,192.168.31.108
2026-02-17T15:19:50.324052,1880046,3.748594,-0.000619,-0.000165,192.168.31.108
2026-02-17T15:19:52.333207,1882057,3.690156,-0.012306,-0.003335,192.168.31.108
2026-02-17T15:19:54.371401,1884069,3.672969,-0.015744,-0.004286,192.168.31.108
2026-02-17T15:19:56.375701,1886080,3.680532,0.0,0.0,192.168.31.108
2026-02-17T15:19:58.395034,1888091,3.669875,-0.002131,-0.000581,192.168.31.108
2026-02-17T15:20:00.482430,1890101,3.659906,-0.004125,-0.001127,192.168.31.108
2026-02-17T15:20:02.456742,1892113,3.655438,-0.005019,-0.001373,192.168.31.108
2026-02-17T15:20:04.485206,1894124,3.640313,-0.008044,-0.00221,192.168.31.108
2026-02-17T15:20:06.445435,1896135,3.634813,-0.009144,-0.002516,192.168.31.108
2026-02-17T15:20:08.507360,1898147,3.631375,-0.0077,-0.00212,192.168.31.108
2026-02-17T15:20:10.461049,1900158,3.629657,-0.00605,-0.001667,192.168.31.108
2026-02-17T15:20:12.473944,1902169,3.624156,-0.006256,-0.001726,192.168.31.108
2026-02-17T15:20:14.493247,1904180,3.625532,0.0,0.0,192.168.31.108
2026-02-17T15:20:16.493947,1906191,3.622437,-0.000619,-0.000171,192.168.31.108
2026-02-17T15:20:18.566598,1908202,3.619,-0.001306,-0.000361,192.168.31.108
2026-02-17T15:20:20.501755,1910213,3.616594,-0.001788,-0.000494,192.168.31.108
2026-02-17T15:20:22.511691,1912223,3.611438,-0.002819,-0.000781,192.168.31.108
2026-02-17T15:20:24.609809,1914235,3.6025,-0.004606,-0.001279,192.168.31.108
2026-02-17T15:20:26.543229,1916246,3.598032,-0.004881,-0.001357,192.168.31.108
2026-02-17T15:20:28.549466,1918257,3.592875,-0.005225,-0.001454,192.168.31.108
2026-02-17T15:20:30.551070,1920269,3.590125,-0.005294,-0.001475,192.168.31.108
2026-02-17T15:20:32.585646,1922280,3.588406,-0.004606,-0.001284,192.168.31.108
2026-02-17T15:20:34.602369,1924292,3.585313,-0.003438,-0.000959,192.168.31.108
2026-02-17T15:20:36.617749,1926303,3.58325,-0.002956,-0.000825,192.168.31.108
2026-02-17T15:20:38.620317,1928314,3.581187,-0.002338,-0.000653,192.168.31.108
2026-02-17T15:20:40.628373,1930325,3.57775,-0.002475,-0.000692,192.168.31.108
2026-02-17T15:20:42.635455,1932336,3.576375,-0.002406,-0.000673,192.168.31.108
2026-02-17T15:20:44.657256,1934346,3.574656,-0.002131,-0.000596,192.168.31.108
2026-02-17T15:20:46.662555,1936358,3.57225,-0.0022,-0.000616,192.168.31.108
2026-02-17T15:20:48.708673,1938369,3.5695,-0.002337,-0.000655,192.168.31.108
2026-02-17T15:20:50.717966,1940379,3.568125,-0.001925,-0.00054,192.168.31.108
2026-02-17T15:20:52.681982,1942391,3.56675,-0.001925,-0.00054,192.168.31.108
2026-02-17T15:20:54.691175,1944403,3.565375,-0.001856,-0.000521,192.168.31.108
2026-02-17T15:20:56.742917,1946414,3.562969,-0.001856,-0.000521,192.168.31.108
2026-02-17T15:20:58.707193,1948426,3.562969,0.0,0.0,192.168.31.108
2026-02-17T15:21:00.766737,1950437,3.561938,-0.000206,-5.8e-05,192.168.31.108
2026-02-17T15:21:02.736903,1952448,3.560563,-0.000481,-0.000135,192.168.31.108
2026-02-17T15:21:04.731281,1954459,3.5585,-0.000894,-0.000251,192.168.31.108
2026-02-17T15:21:06.810931,1956470,3.558844,0.0,0.0,192.168.31.108
2026-02-17T15:21:08.767643,1958481,3.557469,-0.000275,-7.7e-05,192.168.31.108
2026-02-17T15:21:10.799990,1960492,3.556094,-0.00055,-0.000155,192.168.31.108
2026-02-17T15:21:12.785598,1962503,3.555063,-0.000756,-0.000213,192.168.31.108
2026-02-17T15:21:14.874029,1964515,3.554375,-0.000894,-0.000251,192.168.31.108
2026-02-17T15:21:16.799458,1966526,3.553344,-0.0011,-0.00031,192.168.31.108
2026-02-17T15:21:18.834868,1968537,3.553344,0.0,0.0,192.168.31.108
2026-02-17T15:21:20.828121,1970548,3.551969,-0.000275,-7.7e-05,192.168.31.108
2026-02-17T15:21:22.844150,1972559,3.55025,-0.000619,-0.000174,192.168.31.108
2026-02-17T15:21:24.854975,1974571,3.548875,-0.000894,-0.000252,192.168.31.108
2026-02-17T15:21:26.896078,1976582,3.549562,0.0,0.0,192.168.31.108
2026-02-17T15:21:28.858031,1978593,3.548875,-0.000137,-3.9e-05,192.168.31.108
2026-02-17T15:21:30.893370,1980604,3.547844,-0.000344,-9.7e-05,192.168.31.108
2026-02-17T15:21:32.900178,1982615,3.546813,-0.00055,-0.000155,192.168.31.108
2026-02-17T15:21:34.944812,1984626,3.546469,-0.000619,-0.000174,192.168.31.108
2026-02-17T15:21:36.930158,1986637,3.545438,-0.000825,-0.000233,192.168.31.108
2026-02-17T15:21:38.988418,1988648,3.545094,-0.000756,-0.000213,192.168.31.108
2026-02-17T15:21:40.956077,1990658,3.54475,-0.000619,-0.000175,192.168.31.108
2026-02-17T15:21:42.992290,1992670,3.544406,-0.000481,-0.000136,192.168.31.108
2026-02-17T15:21:44.989365,1994681,3.543031,-0.000688,-0.000194,192.168.31.108
2026-02-17T15:21:46.952074,1996692,3.543031,0.0,0.0,192.168.31.108
2026-02-17T15:21:49.009317,1998703,3.543719,0.0,0.0,192.168.31.108
2026-02-17T15:21:50.969588,2000714,3.542344,-0.000275,-7.8e-05,192.168.31.108
2026-02-17T15:21:53.008805,2002725,3.540969,-0.00055,-0.000155,192.168.31.108
2026-02-17T15:21:55.076815,2004736,3.541656,0.0,0.0,192.168.31.108
2026-02-17T15:21:57.030708,2006747,3.542,0.0,0.0,192.168.31.108
2026-02-17T15:21:59.060046,2008758,3.540969,-0.000206,-5.8e-05,192.168.31.108
2026-02-17T15:22:01.102676,2010769,3.540282,-0.000344,-9.7e-05,192.168.31.108
2026-02-17T15:22:03.132589,2012781,3.540282,0.0,0.0,192.168.31.108
2026-02-17T15:22:05.121449,2014792,3.53925,-0.000206,-5.8e-05,192.168.31.108
2026-02-17T15:22:07.086637,2016803,3.538219,-0.000413,-0.000117,192.168.31.108
2026-02-17T15:22:09.076853,2018814,3.536844,-0.000688,-0.000194,192.168.31.108
2026-02-17T15:22:11.106887,2020826,3.537188,0.0,0.0,192.168.31.108
2026-02-17T15:22:13.159253,2022837,3.542688,0.0,0.0,192.168.31.108
2026-02-17T15:22:15.107901,2024848,3.551281,0.0,0.0,192.168.31.108
2026-02-17T15:22:17.160636,2026859,3.56125,0.0,0.0,192.168.31.108
2026-02-17T15:22:19.171715,2028870,3.571563,0.0,0.0,192.168.31.108
2026-02-17T15:22:21.160044,2030881,3.580157,0.0,0.0,192.168.31.108
2026-02-17T15:22:23.145682,2032892,3.581187,0.0,0.0,192.168.31.108
2026-02-17T15:22:25.196847,2034903,3.577406,-0.000756,-0.000211,192.168.31.108
2026-02-17T15:22:27.188516,2036914,3.576031,-0.001031,-0.000288,192.168.31.108
2026-02-17T15:22:29.236846,2038925,3.575688,-0.0011,-0.000308,192.168.31.108
2026-02-17T15:22:33.327771,2042948,3.573969,-0.001444,-0.000404,192.168.31.108
2026-02-17T15:22:35.215817,2044959,3.574313,0.0,0.0,192.168.31.108
2026-02-17T15:22:37.294053,2046970,3.573969,-6.9e-05,-1.9e-05,192.168.31.108
2026-02-17T15:22:39.276463,2048982,3.571907,-0.000481,-0.000135,192.168.31.108
2026-02-17T15:22:43.438475,2053003,3.573281,0.0,0.0,192.168.31.108
2026-02-17T15:22:45.293529,2055015,3.576031,0.0,0.0,192.168.31.108
2026-02-17T15:22:47.304221,2057026,3.575344,-0.000138,-3.8e-05,192.168.31.108
2026-02-17T15:22:49.328267,2059037,3.575,-0.000206,-5.8e-05,192.168.31.108
2026-02-17T15:22:51.359910,2061048,3.575688,0.0,0.0,192.168.31.108
2026-02-17T15:22:53.369080,2063059,3.575,-0.000137,-3.8e-05,192.168.31.108
2026-02-17T15:22:55.347914,2065071,3.574656,-0.000206,-5.8e-05,192.168.31.108
2026-02-17T15:22:57.406822,2067082,3.574313,-0.000275,-7.7e-05,192.168.31.108
2026-02-17T15:22:59.375372,2069093,3.574313,0.0,0.0,192.168.31.108
2026-02-17T15:23:01.405114,2071104,3.574313,0.0,0.0,192.168.31.108
2026-02-17T15:23:03.438756,2073115,3.572937,-0.000275,-7.7e-05,192.168.31.108
2026-02-17T15:23:05.424779,2075126,3.572594,-0.000344,-9.6e-05,192.168.31.108
2026-02-17T15:23:07.434842,2077137,3.573281,0.0,0.0,192.168.31.108
2026-02-17T15:23:09.458748,2079148,3.573625,0.0,0.0,192.168.31.108
2026-02-17T15:23:11.488117,2081160,3.571563,-0.000413,-0.000116,192.168.31.108
2026-02-17T15:23:13.454126,2083171,3.572937,0.0,0.0,192.168.31.108
2026-02-17T15:23:15.484003,2085182,3.573281,0.0,0.0,192.168.31.108
2026-02-17T15:23:17.462233,2087193,3.57225,-0.000206,-5.8e-05,192.168.31.108
2026-02-17T15:23:19.512201,2089204,3.57225,0.0,0.0,192.168.31.108
2026-02-17T15:23:21.469928,2091215,3.571219,-0.000206,-5.8e-05,192.168.31.108
2026-02-17T15:23:23.519621,2093226,3.570875,-0.000275,-7.7e-05,192.168.31.108
2026-02-17T15:23:25.548296,2095238,3.570531,-0.000344,-9.6e-05,192.168.31.108
2026-02-17T15:23:27.536409,2097249,3.569844,-0.000481,-0.000135,192.168.31.108
2026-02-17T15:23:29.550949,2099260,3.568469,-0.000756,-0.000212,192.168.31.108
2026-02-17T15:23:31.580382,2101271,3.568813,0.0,0.0,192.168.31.108
2026-02-17T15:23:33.532028,2103282,3.568125,-0.000138,-3.9e-05,192.168.31.108
2026-02-17T15:23:35.612028,2105293,3.567781,-0.000206,-5.8e-05,192.168.31.108
2026-02-17T15:23:37.598682,2107304,3.568125,0.0,0.0,192.168.31.108
2026-02-17T15:23:39.658144,2109315,3.568469,0.0,0.0,192.168.31.108
2026-02-17T15:23:41.594978,2111326,3.568813,0.0,0.0,192.168.31.108
2026-02-17T15:23:45.707129,2115349,3.568813,-0.000206,-5.8e-05,192.168.31.108
2026-02-17T15:23:47.632749,2117360,3.568813,0.0,0.0,192.168.31.108
2026-02-17T15:23:49.680467,2119371,3.569156,0.0,0.0,192.168.31.108
2026-02-17T15:23:51.644101,2121382,3.568125,-0.000206,-5.8e-05,192.168.31.108
2026-02-17T15:23:53.680096,2123393,3.567438,-0.000344,-9.6e-05,192.168.31.108
2026-02-17T15:23:55.709981,2125404,3.568469,0.0,0.0,192.168.31.108
2026-02-17T15:23:57.688784,2127415,3.568469,0.0,0.0,192.168.31.108
2026-02-17T15:23:59.695173,2129426,3.569156,0.0,0.0,192.168.31.108
2026-02-17T15:24:01.713417,2131437,3.568813,-6.9e-05,-1.9e-05,192.168.31.108
2026-02-17T15:24:03.736597,2133448,3.568813,0.0,0.0,192.168.31.108
2026-02-17T15:24:05.741420,2135459,3.568469,-6.9e-05,-1.9e-05,192.168.31.108
2026-02-17T15:24:07.750710,2137471,3.568125,-0.000138,-3.9e-05,192.168.31.108
2026-02-17T15:24:09.771883,2139482,3.568125,0.0,0.0,192.168.31.108
2026-02-17T15:24:11.807037,2141493,3.567781,-6.9e-05,-1.9e-05,192.168.31.108
2026-02-17T15:24:13.776286,2143505,3.56675,-0.000275,-7.7e-05,192.168.31.108
2026-02-17T15:24:15.803089,2145516,3.567438,0.0,0.0,192.168.31.108
2026-02-17T15:24:17.807538,2147527,3.56675,-0.000138,-3.9e-05,192.168.31.108
2026-02-17T15:24:19.823514,2149538,3.567438,0.0,0.0,192.168.31.108
2026-02-17T15:24:21.863714,2151550,3.567438,0.0,0.0,192.168.31.108
2026-02-17T15:24:23.883263,2153561,3.557813,-0.001925,-0.000541,192.168.31.108
2026-02-17T15:24:25.857029,2155571,3.545094,-0.004469,-0.001261,192.168.31.108
2026-02-17T15:24:27.855284,2157583,3.534094,-0.006669,-0.001887,192.168.31.108
2026-02-17T15:24:29.880115,2159595,3.532032,-0.007081,-0.002005,192.168.31.108
2026-02-17T15:24:31.860987,2161606,3.531687,-0.00715,-0.002025,192.168.31.108
2026-02-17T15:24:33.887095,2163616,3.519656,-0.007631,-0.002168,192.168.31.108
2026-02-17T15:24:35.893405,2165628,3.513125,-0.006394,-0.00182,192.168.31.108
2026-02-17T15:24:37.902852,2167639,3.515188,0.0,0.0,192.168.31.108
2026-02-17T15:24:39.962332,2169650,3.509,-0.001238,-0.000353,192.168.31.108
2026-02-17T15:24:41.942493,2171662,3.508313,-0.001375,-0.000392,192.168.31.108
2026-02-17T15:24:43.927550,2173673,3.510719,0.0,0.0,192.168.31.108
2026-02-17T15:24:46.003363,2175684,3.515875,0.0,0.0,192.168.31.108
2026-02-17T15:24:48.012529,2177695,3.515531,-6.9e-05,-2e-05,192.168.31.108
2026-02-17T15:24:50.022335,2179706,3.514844,-0.000206,-5.9e-05,192.168.31.108
2026-02-17T15:24:52.020054,2181717,3.515531,0.0,0.0,192.168.31.108
2026-02-17T15:24:53.976997,2183728,3.5145,-0.000206,-5.9e-05,192.168.31.108
2026-02-17T15:24:56.001115,2185739,3.511406,-0.000825,-0.000235,192.168.31.108
2026-02-17T15:24:58.060305,2187750,3.511063,-0.000894,-0.000255,192.168.31.108
2026-02-17T15:25:00.078716,2189761,3.510031,-0.0011,-0.000313,192.168.31.108
2026-02-17T15:25:02.034473,2191772,3.510719,0.0,0.0,192.168.31.108
2026-02-17T15:25:04.040919,2193784,3.509,-0.000344,-9.8e-05,192.168.31.108
2026-02-17T15:25:06.121496,2195795,3.504188,-0.001306,-0.000373,192.168.31.108
2026-02-17T15:25:08.103463,2197806,3.503157,-0.001512,-0.000432,192.168.31.108
2026-02-17T15:25:10.099325,2199817,3.502469,-0.00165,-0.000471,192.168.31.108
2026-02-17T15:25:12.129801,2201828,3.5035,0.0,0.0,192.168.31.108
2026-02-17T15:25:14.139444,2203839,3.502125,-0.000275,-7.9e-05,192.168.31.108
2026-02-17T15:25:16.173938,2205850,3.501781,-0.000344,-9.8e-05,192.168.31.108
2026-02-17T15:25:18.180089,2207860,3.501094,-0.000481,-0.000137,192.168.31.108
2026-02-17T15:25:20.137616,2209872,3.501094,0.0,0.0,192.168.31.108
2026-02-17T15:25:22.210081,2211883,3.50075,-6.9e-05,-2e-05,192.168.31.108
2026-02-17T15:25:24.184730,2213893,3.502125,0.0,0.0,192.168.31.108
2026-02-17T15:25:26.208035,2215905,3.501438,-0.000138,-3.9e-05,192.168.31.108
2026-02-17T15:25:28.188744,2217916,3.501781,0.0,0.0,192.168.31.108
2026-02-17T15:25:30.231262,2219927,3.502125,0.0,0.0,192.168.31.108
2026-02-17T15:25:32.245309,2221938,3.501781,-6.9e-05,-2e-05,192.168.31.108
2026-02-17T15:25:34.273323,2223949,3.501781,0.0,0.0,192.168.31.108
2026-02-17T15:25:36.270713,2225960,3.502813,0.0,0.0,192.168.31.108
2026-02-17T15:25:38.226958,2227971,3.503157,0.0,0.0,192.168.31.108
2026-02-17T15:25:40.313519,2229982,3.501438,-0.000344,-9.8e-05,192.168.31.108
2026-02-17T15:25:42.275069,2231993,3.499719,-0.000688,-0.000196,192.168.31.108
2026-02-17T15:25:44.275816,2234004,3.499719,0.0,0.0,192.168.31.108
2026-02-17T15:25:46.336350,2236015,3.50075,0.0,0.0,192.168.31.108
2026-02-17T15:25:48.341285,2238027,3.498688,-0.000412,-0.000118,192.168.31.108
2026-02-17T15:25:50.331393,2240038,3.499719,0.0,0.0,192.168.31.108
2026-02-17T15:25:52.306626,2242049,3.500062,0.0,0.0,192.168.31.108
2026-02-17T15:25:54.359367,2244060,3.499375,-0.000137,-3.9e-05,192.168.31.108
2026-02-17T15:25:56.353347,2246071,3.500062,0.0,0.0,192.168.31.108
2026-02-17T15:25:58.389956,2248082,3.499719,-6.9e-05,-2e-05,192.168.31.108
2026-02-17T15:26:00.388587,2250093,3.500062,0.0,0.0,192.168.31.108
2026-02-17T15:26:02.424614,2252104,3.500062,0.0,0.0,192.168.31.108
2026-02-17T15:26:04.430304,2254115,3.500062,0.0,0.0,192.168.31.108
2026-02-17T15:26:06.425352,2256126,3.50075,0.0,0.0,192.168.31.108
2026-02-17T15:26:08.437620,2258136,3.499719,-0.000206,-5.9e-05,192.168.31.108
2026-02-17T15:26:10.407531,2260148,3.499375,-0.000275,-7.9e-05,192.168.31.108
2026-02-17T15:26:12.429224,2262159,3.499719,0.0,0.0,192.168.31.108
2026-02-17T15:26:14.495583,2264170,3.499719,0.0,0.0,192.168.31.108
2026-02-17T15:26:16.502794,2266181,3.499719,0.0,0.0,192.168.31.108
2026-02-17T15:26:18.487417,2268192,3.499032,-0.000137,-3.9e-05,192.168.31.108
2026-02-17T15:26:20.502291,2270203,3.499719,0.0,0.0,192.168.31.108
2026-02-17T15:26:22.547927,2272214,3.50075,0.0,0.0,192.168.31.108
2026-02-17T15:26:24.509040,2274225,3.499719,-0.000206,-5.9e-05,192.168.31.108
2026-02-17T15:26:26.576703,2276236,3.499375,-0.000275,-7.9e-05,192.168.31.108
2026-02-17T15:26:28.502150,2278247,3.499719,0.0,0.0,192.168.31.108
2026-02-17T15:26:30.566188,2280258,3.499719,0.0,0.0,192.168.31.108
2026-02-17T15:26:32.576133,2282269,3.499375,-6.9e-05,-2e-05,192.168.31.108
2026-02-17T15:26:34.586646,2284280,3.499375,0.0,0.0,192.168.31.108
2026-02-17T15:26:36.591948,2286290,3.499032,-6.9e-05,-2e-05,192.168.31.108
2026-02-17T15:26:38.591590,2288302,3.500062,0.0,0.0,192.168.31.108
2026-02-17T15:26:40.592263,2290313,3.500062,0.0,0.0,192.168.31.108
2026-02-17T15:26:42.628536,2292324,3.501094,0.0,0.0,192.168.31.108
2026-02-17T15:26:44.648537,2294335,3.500062,-0.000206,-5.9e-05,192.168.31.108
2026-02-17T15:26:46.591937,2296346,3.500407,0.0,0.0,192.168.31.108
2026-02-17T15:26:48.697352,2298358,3.500407,0.0,0.0,192.168.31.108
2026-02-17T15:26:50.630204,2300369,3.50075,0.0,0.0,192.168.31.108
2026-02-17T15:26:52.639409,2302380,3.499719,-0.000206,-5.9e-05,192.168.31.108
2026-02-17T15:26:54.634672,2304391,3.498688,-0.000412,-0.000118,192.168.31.108
2026-02-17T15:26:56.711223,2306402,3.499719,0.0,0.0,192.168.31.108
2026-02-17T15:26:58.692497,2308412,3.498344,-0.000275,-7.9e-05,192.168.31.108
2026-02-17T15:27:00.699944,2310424,3.499032,0.0,0.0,192.168.31.108
2026-02-17T15:27:02.683556,2312435,3.498688,-6.9e-05,-2e-05,192.168.31.108
2026-02-17T15:27:04.747860,2314446,3.498344,-0.000138,-3.9e-05,192.168.31.108
2026-02-17T15:27:06.706517,2316458,3.498344,0.0,0.0,192.168.31.108
2026-02-17T15:27:08.714789,2318469,3.498,-6.9e-05,-2e-05,192.168.31.108
2026-02-17T15:27:10.745591,2320480,3.497656,-0.000137,-3.9e-05,192.168.31.108
2026-02-17T15:27:12.751150,2322491,3.498344,0.0,0.0,192.168.31.108
2026-02-17T15:27:14.823638,2324502,3.498344,0.0,0.0,192.168.31.108
2026-02-17T15:27:16.780092,2326513,3.498,-6.9e-05,-2e-05,192.168.31.108
2026-02-17T15:27:18.794522,2328524,3.497313,-0.000206,-5.9e-05,192.168.31.108
2026-02-17T15:27:20.827098,2330535,3.498,0.0,0.0,192.168.31.108
2026-02-17T15:27:22.814568,2332546,3.498344,0.0,0.0,192.168.31.108
2026-02-17T15:27:24.809100,2334557,3.497656,-0.000137,-3.9e-05,192.168.31.108
2026-02-17T15:27:26.895284,2336568,3.496969,-0.000275,-7.9e-05,192.168.31.108
2026-02-17T15:27:28.825052,2338580,3.497313,0.0,0.0,192.168.31.108
2026-02-17T15:27:30.908064,2340591,3.511406,0.0,0.0,192.168.31.108
2026-02-17T15:27:32.854279,2342602,3.509687,-0.000344,-9.8e-05,192.168.31.108
2026-02-17T15:27:36.973338,2346624,3.536156,0.0,0.0,192.168.31.108
2026-02-17T15:27:38.950496,2348635,3.5365,0.0,0.0,192.168.31.108
