timestamp_local,status,time_ms,voltage_v,dv_norm,dv_avg,wifi_rssi,ble_rssi,score,threshold,ble_hits,source_ip
2026-02-05T11:12:12.309169,ATTACK,33987,4.369,0.0,0.0,-59,-31,1.3842,1.1531,0,192.168.31.98
2026-02-05T11:12:15.598415,NORMAL,37007,4.241,-0.006046,-0.025644,-60,-30,0.5428,1.1553,0,192.168.31.98
2026-02-05T11:12:18.276882,ATTACK,40025,4.355,0.0,0.0,-54,-31,1.6276,1.1591,0,192.168.31.98
2026-02-05T11:12:27.655136,NORMAL,43045,4.348,-0.000285,-0.001237,-56,-71,-1.0923,1.1591,0,192.168.31.98
2026-02-05T11:12:27.755886,ATTACK,46066,4.342,-0.000602,-0.002612,-54,-32,1.4997,1.1604,0,192.168.31.98
2026-02-05T11:12:27.863544,NORMAL,49087,4.335,-0.00092,-0.003988,-62,-69,-1.6679,1.1603,0,192.168.31.98
2026-02-05T11:12:30.210830,NORMAL,52107,4.331,-0.001095,-0.004744,-63,-31,0.8239,1.1602,0,192.168.31.98
2026-02-05T11:12:33.224440,NORMAL,55128,4.207,-0.00701,-0.029494,-61,-31,0.2316,1.1601,0,192.168.31.98
2026-02-05T11:12:36.291527,ATTACK,58149,4.324,0.0,0.0,-54,-31,1.5554,1.1601,0,192.168.31.98
2026-02-05T11:12:39.348296,ATTACK,61169,4.321,-0.000159,-0.000688,-55,-31,1.3292,1.16,0,192.168.31.98
2026-02-05T11:12:42.239988,ATTACK,64189,4.316,-0.000382,-0.00165,-54,-33,1.2135,1.1601,0,192.168.31.98
2026-02-05T11:12:45.487188,NORMAL,67207,4.293,-0.001425,-0.006119,-57,-31,0.8092,1.1603,0,192.168.31.98
2026-02-05T11:12:51.523668,NORMAL,73250,4.189,-0.00645,-0.027019,-57,-32,0.0552,1.1603,0,192.168.31.98
2026-02-05T11:12:54.705574,NORMAL,76270,4.186,-0.006455,-0.027019,-64,-31,-0.3156,1.1602,0,192.168.31.98
2026-02-05T11:12:57.402091,NORMAL,79292,4.304,0.0,0.0,-62,-31,0.5344,1.1601,0,192.168.31.98
2026-02-05T11:13:00.494781,NORMAL,82314,4.306,0.0,0.0,-62,-31,0.4935,1.16,0,192.168.31.98
2026-02-05T11:13:03.565487,NORMAL,85333,4.18,-0.006003,-0.025094,-58,-67,-2.6133,1.1597,0,192.168.31.98
2026-02-05T11:13:06.420433,NORMAL,88354,4.291,0.0,0.0,-58,-32,0.9619,1.1595,0,192.168.31.98
2026-02-05T11:13:09.513594,NORMAL,91374,4.242,-0.002317,-0.009831,-58,-33,0.5518,1.1593,0,192.168.31.98
2026-02-05T11:13:12.449431,NORMAL,94392,4.189,-0.004874,-0.020419,-59,-31,0.2233,1.159,0,192.168.31.98
2026-02-05T11:13:15.633552,NORMAL,97410,4.293,0.0,0.0,-59,-31,0.7806,1.1588,0,192.168.31.98
2026-02-05T11:13:21.605199,NORMAL,103453,4.168,-0.006021,-0.025094,-60,-70,-2.6295,1.1579,0,192.168.31.98
2026-02-05T11:13:24.679195,NORMAL,106473,4.29,0.0,0.0,-59,-31,1.1448,1.1575,0,192.168.31.98
2026-02-05T11:13:27.674241,ATTACK,109494,4.29,0.0,0.0,-56,-31,1.2879,1.1571,0,192.168.31.98
2026-02-05T11:13:30.584595,NORMAL,112518,4.262,-0.00129,-0.0055,-58,-31,0.8723,1.1567,0,192.168.31.98
2026-02-05T11:13:33.815446,NORMAL,115539,4.16,-0.006213,-0.02585,-60,-33,-0.0181,1.1563,0,192.168.31.98
2026-02-05T11:13:36.858590,NORMAL,118560,4.257,0.0,0.0,-60,-31,0.8096,1.1559,0,192.168.31.98
2026-02-05T11:13:39.758639,NORMAL,121581,4.158,-0.004762,-0.0198,-60,-34,0.034,1.1556,0,192.168.31.98
2026-02-05T11:13:42.902913,NORMAL,124603,4.154,-0.004965,-0.020625,-62,-75,-2.87,1.155,0,192.168.31.98
2026-02-05T11:13:48.825490,NORMAL,130644,4.278,-6.4e-05,-0.000275,-56,-69,-0.9552,1.154,0,192.168.31.98
2026-02-05T11:13:52.009472,NORMAL,133664,4.172,-0.005141,-0.02145,-60,-30,0.4694,1.1534,0,192.168.31.98
2026-02-05T11:13:54.786315,ATTACK,136685,4.275,0.0,0.0,-57,-30,1.2393,1.1529,0,192.168.31.98
2026-02-05T11:13:57.813569,NORMAL,139707,4.167,-0.005147,-0.02145,-69,-32,-0.2536,1.1524,0,192.168.31.98
2026-02-05T11:14:00.827845,NORMAL,142729,4.271,0.0,0.0,-62,-31,0.7588,1.1519,0,192.168.31.98
2026-02-05T11:14:04.019338,NORMAL,145752,4.262,-0.000436,-0.001856,-67,-31,0.3301,1.1515,0,192.168.31.98
2026-02-05T11:14:06.982572,NORMAL,148774,4.269,0.0,0.0,-66,-69,-1.9006,1.1509,0,192.168.31.98
2026-02-05T11:14:13.069278,NORMAL,154816,4.268,0.0,0.0,-62,-32,0.7981,1.1498,0,192.168.31.98
2026-02-05T11:14:16.107254,NORMAL,157835,4.14,-0.006144,-0.025437,-60,-31,0.2133,1.1492,0,192.168.31.98
2026-02-05T11:14:18.969576,NORMAL,160857,4.147,0.0,0.0,-59,-31,0.9774,1.1487,0,192.168.31.98
2026-02-05T11:14:22.006566,NORMAL,163878,4.138,-0.000432,-0.001788,-60,-71,-1.633,1.1481,0,192.168.31.98
2026-02-05T11:14:24.969328,NORMAL,166898,4.265,0.0,0.0,-63,-31,0.7609,1.1475,2,192.168.31.98
2026-02-05T11:14:28.080508,NORMAL,169919,4.149,-0.005584,-0.023169,-59,-30,0.4659,1.1468,2,192.168.31.98
2026-02-05T11:14:31.027431,NORMAL,172937,4.134,-0.006336,-0.026194,-60,-30,0.3602,1.1461,3,192.168.31.98
2026-02-05T11:14:34.156386,ATTACK,175959,4.143,0.0,0.0,-58,-29,1.2899,1.1454,0,192.168.31.98
2026-02-05T11:14:37.302352,NORMAL,178978,4.203,0.0,0.0,-69,-29,0.4745,1.1447,3,192.168.31.98
2026-02-05T11:14:40.168727,NORMAL,181999,4.207,0.0,0.0,-72,-32,0.2387,1.1439,4,192.168.31.98
2026-02-05T11:14:43.115630,NORMAL,185019,4.229,0.0,0.0,-63,-31,0.8617,1.1431,4,192.168.31.98
2026-02-05T11:14:49.278875,NORMAL,191055,4.223,-0.00197,-0.008319,-60,-30,0.8903,1.1414,3,192.168.31.98
2026-02-05T11:14:52.230227,ATTACK,194075,4.264,0.0,0.0,-57,-28,1.3908,1.1406,6,192.168.31.98
2026-02-05T11:14:55.222129,NORMAL,197093,4.259,-0.000226,-0.000963,-60,-31,1.0379,1.1398,3,192.168.31.98
2026-02-05T11:14:58.200428,NORMAL,200111,4.231,-0.00156,-0.0066,-58,-29,1.0873,1.1389,5,192.168.31.98
2026-02-05T11:15:01.255462,NORMAL,203128,4.219,-0.002118,-0.008938,-60,-31,0.8066,1.1381,5,192.168.31.98
2026-02-05T11:15:04.300846,NORMAL,206149,4.2,-0.003012,-0.01265,-58,-30,0.8981,1.1372,3,192.168.31.98
2026-02-05T11:15:07.359909,ATTACK,209168,4.261,0.0,0.0,-57,-29,1.3551,1.1363,4,192.168.31.98
2026-02-05T11:15:10.316365,NORMAL,212188,4.257,-0.000194,-0.000825,-60,-30,1.0574,1.1354,3,192.168.31.98
2026-02-05T11:15:13.294858,NORMAL,215205,4.216,-0.002169,-0.009144,-60,-29,0.8622,1.1346,5,192.168.31.98
2026-02-05T11:15:16.442498,NORMAL,218224,4.256,0.0,0.0,-64,-30,0.8032,1.1336,4,192.168.31.98
2026-02-05T11:15:19.327561,NORMAL,221242,4.257,0.0,0.0,-63,-71,-1.4902,1.1326,3,192.168.31.98
2026-02-05T11:15:22.453560,NORMAL,224263,4.214,-0.002056,-0.008663,-64,-66,-1.3649,1.1314,4,192.168.31.98
2026-02-05T11:15:25.386620,NORMAL,227282,4.125,-0.0064,-0.0264,-61,-30,0.7601,1.1303,5,192.168.31.98
2026-02-05T11:15:28.453646,ATTACK,230299,4.194,0.0,0.0,-62,-30,1.4103,1.1291,5,192.168.31.98
2026-02-05T11:15:31.446880,ATTACK,233320,4.21,0.0,0.0,-59,-30,1.6062,1.128,3,192.168.31.98
2026-02-05T11:15:34.486619,NORMAL,236341,4.138,-0.003456,-0.0143,-59,-67,-1.0497,1.1268,3,192.168.31.98
2026-02-05T11:15:37.483235,ATTACK,239359,4.2,0.0,0.0,-55,-28,2.0854,1.1257,4,192.168.31.98
2026-02-05T11:15:40.595664,ATTACK,242379,4.25,0.0,0.0,-58,-29,1.7635,1.1246,3,192.168.31.98
2026-02-05T11:15:43.556245,ATTACK,245397,4.251,0.0,0.0,-56,-30,1.8455,1.1235,5,192.168.31.98
2026-02-05T11:15:49.667536,ATTACK,251435,4.249,0.0,0.0,-56,-31,1.7546,1.1215,4,192.168.31.98
2026-02-05T11:15:52.568271,NORMAL,254457,4.202,-0.002209,-0.009281,-65,-29,0.8459,1.1204,6,192.168.31.98
2026-02-05T11:15:55.635399,NORMAL,257476,4.151,-0.00472,-0.019594,-64,-28,0.7041,1.1194,5,192.168.31.98
2026-02-05T11:15:58.569001,ATTACK,260496,4.249,0.0,0.0,-63,-30,1.2121,1.1184,3,192.168.31.98
2026-02-05T11:16:01.637301,NORMAL,263516,4.201,-0.002308,-0.009694,-64,-31,0.8432,1.1174,4,192.168.31.98
2026-02-05T11:16:04.587798,NORMAL,266537,4.131,-0.005708,-0.023581,-64,-30,0.5396,1.1163,5,192.168.31.98
2026-02-05T11:16:07.825245,NORMAL,269555,4.131,-0.005742,-0.023719,-65,-29,0.558,1.1152,5,192.168.31.98
2026-02-05T11:16:10.686742,NORMAL,272572,4.245,0.0,0.0,-67,-29,1.0342,1.1142,5,192.168.31.98
2026-02-05T11:16:13.702307,NORMAL,275595,4.246,0.0,0.0,-58,-66,-0.2118,1.113,5,192.168.31.98
2026-02-05T11:16:16.789995,ATTACK,278614,4.13,-0.005593,-0.0231,-57,-30,1.1875,1.1119,2,192.168.31.98
2026-02-05T11:16:19.774680,ATTACK,281632,4.201,0.0,0.0,-56,-31,1.8923,1.1109,5,192.168.31.98
2026-02-05T11:16:22.738025,ATTACK,284649,4.246,0.0,0.0,-59,-30,1.6006,1.1098,3,192.168.31.98
2026-02-05T11:16:25.883144,NORMAL,287667,4.13,-0.00561,-0.023169,-58,-31,0.9471,1.1088,3,192.168.31.98
2026-02-05T11:16:28.758102,ATTACK,290687,4.2,0.0,0.0,-58,-28,1.6679,1.1078,4,192.168.31.98
2026-02-05T11:16:31.853123,ATTACK,293706,4.131,-0.003345,-0.013819,-58,-30,1.1972,1.1068,5,192.168.31.98
2026-02-05T11:16:34.841351,NORMAL,296725,4.138,0.0,0.0,-68,-67,-1.1774,1.1057,4,192.168.31.98
2026-02-05T11:16:37.863028,NORMAL,299744,4.18,0.0,0.0,-63,-60,-0.1545,1.1046,4,192.168.31.98
2026-02-05T11:16:40.920327,ATTACK,302764,4.132,-0.002346,-0.009694,-57,-29,1.6931,1.1035,4,192.168.31.98
2026-02-05T11:16:43.926616,ATTACK,305784,4.162,0.0,0.0,-55,-30,2.0533,1.1024,5,192.168.31.98
2026-02-05T11:16:46.897451,NORMAL,308802,4.13,-0.001548,-0.006394,-66,-30,0.9859,1.1014,3,192.168.31.98
2026-02-05T11:16:49.915876,ATTACK,311820,4.128,-0.001649,-0.006806,-64,-29,1.1375,1.1004,5,192.168.31.98
2026-02-05T11:16:53.111597,NORMAL,314841,4.127,-0.001666,-0.006875,-67,-28,0.9692,1.0993,5,192.168.31.98
2026-02-05T11:16:55.949974,ATTACK,317864,4.24,0.0,0.0,-64,-29,1.2995,1.0983,3,192.168.31.98
2026-02-05T11:16:59.030940,NORMAL,320882,4.181,-0.002795,-0.011688,-66,-31,0.7921,1.0973,4,192.168.31.98
2026-02-05T11:17:01.986693,NORMAL,323901,4.119,-0.005875,-0.0242,-64,-30,0.6534,1.0962,5,192.168.31.98
2026-02-05T11:17:05.037747,ATTACK,326919,4.145,0.0,0.0,-65,-29,1.2495,1.0952,4,192.168.31.98
2026-02-05T11:17:08.202492,NORMAL,329940,4.13,-0.000716,-0.002956,-70,-29,0.8594,1.0942,4,192.168.31.98
2026-02-05T11:17:11.037991,ATTACK,332961,4.14,0.0,0.0,-65,-30,1.2149,1.0932,5,192.168.31.98
2026-02-05T11:17:14.053889,ATTACK,335983,4.147,0.0,0.0,-66,-30,1.1318,1.0922,4,192.168.31.98
2026-02-05T11:17:17.157064,NORMAL,339003,4.121,-0.001251,-0.005156,-66,-70,-1.237,1.091,4,192.168.31.98
2026-02-05T11:17:20.209137,ATTACK,342023,4.121,0.0,0.0,-66,-31,1.2865,1.0899,5,192.168.31.98
2026-02-05T11:17:23.182293,ATTACK,345042,4.233,0.0,0.0,-67,-31,1.1979,1.0889,5,192.168.31.98
2026-02-05T11:17:26.202291,ATTACK,348063,4.191,-0.002034,-0.008525,-57,-30,1.7162,1.0878,4,192.168.31.98
2026-02-05T11:17:29.176423,ATTACK,351083,4.2,0.0,0.0,-56,-29,1.9882,1.0868,5,192.168.31.98
2026-02-05T11:17:32.168949,ATTACK,354106,4.121,-0.003854,-0.015881,-57,-30,1.3713,1.0859,4,192.168.31.98
2026-02-05T11:17:35.223125,ATTACK,357127,4.125,0.0,0.0,-57,-30,1.793,1.0849,3,192.168.31.98
2026-02-05T11:17:38.342592,ATTACK,360146,4.127,0.0,0.0,-56,-30,1.8095,1.0841,4,192.168.31.98
2026-02-05T11:17:41.335868,NORMAL,363166,4.119,-0.000367,-0.001513,-57,-73,-0.6139,1.0831,4,192.168.31.98
2026-02-05T11:17:44.291949,ATTACK,366184,4.181,0.0,0.0,-58,-30,1.7418,1.0822,5,192.168.31.98
2026-02-05T11:17:47.303680,ATTACK,369206,4.233,0.0,0.0,-56,-29,1.8523,1.0813,3,192.168.31.98
2026-02-05T11:17:50.334866,ATTACK,372227,4.146,-0.004195,-0.017394,-56,-30,1.2797,1.0804,5,192.168.31.98
2026-02-05T11:17:53.413451,NORMAL,375246,4.122,-0.00537,-0.022137,-66,-31,0.4272,1.0795,3,192.168.31.98
2026-02-05T11:17:56.367841,NORMAL,378265,4.118,-0.005593,-0.023031,-64,-76,-2.0965,1.0784,6,192.168.31.98
2026-02-05T11:17:59.371616,ATTACK,381282,4.141,0.0,0.0,-58,-29,1.9272,1.0774,5,192.168.31.98
2026-02-05T11:18:02.391426,ATTACK,384301,4.173,0.0,0.0,-58,-32,1.8131,1.0764,4,192.168.31.98
2026-02-05T11:18:05.443899,ATTACK,387322,4.156,-0.000827,-0.003438,-59,-31,1.5875,1.0755,4,192.168.31.98
2026-02-05T11:18:08.565727,NORMAL,390342,4.151,-0.001043,-0.004331,-56,-77,-0.6255,1.0745,7,192.168.31.98
2026-02-05T11:18:11.485222,ATTACK,393360,4.143,-0.00146,-0.00605,-57,-31,1.7789,1.0735,3,192.168.31.98
2026-02-05T11:18:14.493463,NORMAL,396379,4.189,0.0,0.0,-58,-70,-0.1401,1.0724,7,192.168.31.98
2026-02-05T11:18:17.486441,ATTACK,399399,4.231,0.0,0.0,-58,-29,1.9433,1.0715,5,192.168.31.98
2026-02-05T11:18:20.527705,ATTACK,402418,4.145,-0.00413,-0.017119,-61,-29,1.1974,1.0705,5,192.168.31.98
2026-02-05T11:18:23.561492,ATTACK,405438,4.188,0.0,0.0,-58,-30,1.8451,1.0696,7,192.168.31.98
2026-02-05T11:18:26.541887,ATTACK,408458,4.113,-0.003627,-0.014919,-58,-30,1.3619,1.0687,4,192.168.31.98
2026-02-05T11:18:29.620239,ATTACK,411478,4.165,0.0,0.0,-59,-30,1.6727,1.0678,5,192.168.31.98
2026-02-05T11:18:32.579628,ATTACK,414496,4.228,0.0,0.0,-65,-30,1.1742,1.0669,6,192.168.31.98
2026-02-05T11:18:35.615738,NORMAL,417513,4.132,-0.004659,-0.01925,-66,-75,-1.9276,1.0659,4,192.168.31.98
2026-02-05T11:18:38.613597,NORMAL,420531,4.117,-0.005377,-0.022137,-66,-30,0.8032,1.0649,0,192.168.31.98
2026-02-05T11:18:41.699765,ATTACK,423553,4.23,0.0,0.0,-67,-31,1.1895,1.064,0,192.168.31.98
2026-02-05T11:18:44.666444,ATTACK,426574,4.228,-4.9e-05,-0.000206,-66,-31,1.1671,1.0631,0,192.168.31.98
2026-02-05T11:18:47.687587,NORMAL,429595,4.188,-0.001986,-0.008319,-65,-30,0.9773,1.0622,0,192.168.31.98
2026-02-05T11:18:50.769261,NORMAL,432614,4.119,-0.005375,-0.022138,-66,-31,0.4655,1.0614,0,192.168.31.98
2026-02-05T11:18:53.766327,NORMAL,435635,4.229,0.0,0.0,-66,-29,1.0353,1.0606,0,192.168.31.98
2026-02-05T11:18:56.727961,NORMAL,438657,4.144,-0.004098,-0.016981,-59,-30,0.9826,1.0598,0,192.168.31.98
2026-02-05T11:18:59.815891,ATTACK,441679,4.228,0.0,0.0,-58,-31,1.4324,1.0591,0,192.168.31.98
2026-02-05T11:19:02.802698,NORMAL,444701,4.115,-0.005513,-0.022688,-58,-31,0.6734,1.0584,0,192.168.31.98
2026-02-05T11:19:05.867570,ATTACK,447723,4.228,0.0,0.0,-59,-28,1.2404,1.0577,0,192.168.31.98
2026-02-05T11:19:08.885503,ATTACK,450745,4.21,-0.000882,-0.003712,-58,-30,1.0885,1.0571,0,192.168.31.98
2026-02-05T11:19:11.851947,NORMAL,453766,4.22,0.0,0.0,-58,-67,-0.8028,1.0564,0,192.168.31.98
2026-02-05T11:19:14.899445,NORMAL,456787,4.186,-0.001642,-0.006875,-59,-30,0.9191,1.0557,0,192.168.31.98
2026-02-05T11:19:17.957012,NORMAL,459807,4.149,-0.003413,-0.014162,-58,-30,0.7203,1.055,0,192.168.31.98
2026-02-05T11:19:20.961679,NORMAL,462830,4.214,0.0,0.0,-57,-65,-0.6259,1.0543,0,192.168.31.98
2026-02-05T11:19:23.972492,NORMAL,465851,4.143,-0.003435,-0.014231,-57,-31,0.7662,1.0536,0,192.168.31.98
2026-02-05T11:19:26.957124,NORMAL,468871,4.227,0.0,0.0,-59,-31,0.9565,1.0529,0,192.168.31.98
2026-02-05T11:19:30.017517,NORMAL,471891,4.167,-0.002887,-0.012031,-57,-31,0.6941,1.0523,0,192.168.31.98
2026-02-05T11:19:32.986883,NORMAL,474910,4.114,-0.005532,-0.022756,-55,-30,0.5081,1.0516,0,192.168.31.98
2026-02-05T11:19:36.036995,ATTACK,477928,4.115,0.0,0.0,-54,-30,1.1908,1.051,0,192.168.31.98
2026-02-05T11:19:39.050726,NORMAL,480947,4.113,-8.4e-05,-0.000344,-55,-29,1.0248,1.0504,0,192.168.31.98
2026-02-05T11:19:42.154115,NORMAL,483968,4.226,0.0,0.0,-59,-30,0.6369,1.0498,0,192.168.31.98
2026-02-05T11:19:45.087205,NORMAL,486990,4.197,-0.001376,-0.005775,-56,-31,0.6282,1.0492,0,192.168.31.98
2026-02-05T11:19:48.133156,NORMAL,490010,4.225,0.0,0.0,-55,-69,-1.2018,1.0485,0,192.168.31.98
2026-02-05T11:19:51.174383,NORMAL,493031,4.116,-0.005294,-0.021794,-54,-30,0.4103,1.0478,0,192.168.31.98
2026-02-05T11:19:54.180539,NORMAL,496052,4.226,0.0,0.0,-63,-67,-1.7331,1.047,0,192.168.31.98
2026-02-05T11:19:57.150568,NORMAL,499074,4.224,-8.1e-05,-0.000344,-57,-30,0.9233,1.0463,0,192.168.31.98
2026-02-05T11:20:00.178847,NORMAL,502095,4.195,-0.001475,-0.006188,-60,-31,0.4414,1.0455,0,192.168.31.98
2026-02-05T11:20:03.200500,NORMAL,505116,4.226,0.0,0.0,-61,-31,0.5013,1.0447,0,192.168.31.98
2026-02-05T11:20:06.178478,NORMAL,508138,4.115,-0.005397,-0.022206,-57,-31,0.1336,1.044,0,192.168.31.98
2026-02-05T11:20:09.254615,NORMAL,511158,4.225,0.0,0.0,-57,-31,0.7553,1.0432,0,192.168.31.98
2026-02-05T11:20:12.308476,NORMAL,514179,4.115,-0.00533,-0.021931,-57,-29,0.145,1.0425,0,192.168.31.98
2026-02-05T11:20:15.282250,NORMAL,517199,4.165,0.0,0.0,-54,-32,0.8985,1.0418,0,192.168.31.98
2026-02-05T11:20:18.341760,NORMAL,520218,4.188,0.0,0.0,-56,-29,0.7262,1.041,0,192.168.31.98
2026-02-05T11:20:21.417489,NORMAL,523239,4.225,0.0,0.0,-54,-31,0.7849,1.0404,0,192.168.31.98
2026-02-05T11:20:27.403164,NORMAL,529281,4.224,0.0,0.0,-54,-31,0.6699,1.039,0,192.168.31.98
2026-02-05T11:20:30.504967,NORMAL,532302,4.18,-0.002072,-0.008663,-53,-32,0.4146,1.0383,0,192.168.31.98
2026-02-05T11:20:33.677075,NORMAL,535322,4.112,-0.005451,-0.022413,-60,-31,-0.4826,1.0376,0,192.168.31.98
2026-02-05T11:20:36.842009,NORMAL,538341,4.112,0.0,0.0,-57,-29,0.4359,1.0369,0,192.168.31.98
2026-02-05T11:20:39.460754,NORMAL,541361,4.111,-5e-05,-0.000206,-57,-71,-1.8906,1.0361,0,192.168.31.98
2026-02-05T11:20:42.490781,NORMAL,544382,4.221,0.0,0.0,-58,-73,-1.8471,1.0351,0,192.168.31.98
2026-02-05T11:20:45.586038,NORMAL,547404,4.109,-0.005454,-0.022412,-54,-57,-1.1879,1.0341,0,192.168.31.98
2026-02-05T11:20:48.636164,ATTACK,550425,4.109,0.0,0.0,-53,-31,1.1429,1.0332,0,192.168.31.98
2026-02-05T11:20:51.540428,NORMAL,553447,4.22,0.0,0.0,-54,-31,0.9715,1.0323,0,192.168.31.98
2026-02-05T11:20:54.584443,NORMAL,556467,4.222,0.0,0.0,-55,-31,0.8143,1.0314,0,192.168.31.98
2026-02-05T11:20:57.582124,NORMAL,559489,4.222,-3.3e-05,-0.000138,-60,-31,0.3618,1.0305,0,192.168.31.98
2026-02-05T11:21:00.656669,NORMAL,562507,4.116,-0.005178,-0.021313,-58,-70,-2.5476,1.0295,0,192.168.31.98
2026-02-05T11:21:03.683562,NORMAL,565529,4.109,-0.005504,-0.022619,-57,-31,0.1667,1.0285,0,192.168.31.98
2026-02-05T11:21:06.660962,NORMAL,568552,4.179,0.0,0.0,-58,-31,0.7184,1.0276,0,192.168.31.98
2026-02-05T11:21:09.847062,NORMAL,571573,4.222,0.0,0.0,-61,-31,0.4343,1.0266,0,192.168.31.98
2026-02-05T11:21:12.706610,NORMAL,574593,4.189,-0.001576,-0.0066,-57,-33,0.4644,1.0257,0,192.168.31.98
2026-02-05T11:21:15.782407,NORMAL,577614,4.22,0.0,0.0,-54,-32,0.8839,1.0248,0,192.168.31.98
2026-02-05T11:21:18.744026,NORMAL,580633,4.109,-0.005438,-0.022344,-52,-32,0.2918,1.0239,0,192.168.31.98
2026-02-05T11:21:21.720681,NORMAL,583654,4.181,0.0,0.0,-52,-31,0.9571,1.023,0,192.168.31.98
2026-02-05T11:21:24.741011,NORMAL,586677,4.109,-0.003514,-0.014438,-57,-33,0.0116,1.0222,0,192.168.31.98
2026-02-05T11:21:27.797344,NORMAL,589697,4.22,0.0,0.0,-58,-32,0.3904,1.0213,0,192.168.31.98
2026-02-05T11:21:30.846024,NORMAL,592718,4.103,-0.005663,-0.023238,-57,-31,-0.1957,1.0204,0,192.168.31.98
2026-02-05T11:21:33.983780,NORMAL,595740,4.22,0.0,0.0,-60,-32,0.221,1.0196,0,192.168.31.98
2026-02-05T11:21:36.830041,NORMAL,598761,4.218,-8.2e-05,-0.000344,-57,-31,0.449,1.0187,0,192.168.31.98
2026-02-05T11:21:39.864960,NORMAL,601785,4.148,-0.003464,-0.014369,-52,-32,0.3606,1.0179,0,192.168.31.98
2026-02-05T11:21:42.931629,NORMAL,604806,4.149,0.0,0.0,-52,-32,0.7619,1.017,0,192.168.31.98
2026-02-05T11:21:45.927891,NORMAL,607828,4.165,0.0,0.0,-52,-32,0.6979,1.0162,0,192.168.31.98
2026-02-05T11:21:48.999746,NORMAL,610850,4.217,0.0,0.0,-55,-30,0.4462,1.0154,0,192.168.31.98
2026-02-05T11:21:51.982087,NORMAL,613871,4.117,-0.004825,-0.019869,-54,-29,-0.0424,1.0146,0,192.168.31.98
2026-02-05T11:21:55.072927,NORMAL,616891,4.207,0.0,0.0,-52,-30,0.6373,1.0138,0,192.168.31.98
2026-02-05T11:21:57.973874,NORMAL,619912,4.184,-0.001101,-0.004606,-52,-28,0.4872,1.013,1,192.168.31.98
2026-02-05T11:22:01.058625,NORMAL,622933,4.107,-0.004888,-0.020075,-51,-30,0.1242,1.0122,4,192.168.31.98
2026-02-05T11:22:04.053127,NORMAL,625952,4.099,-0.005266,-0.021587,-53,-30,0.0082,1.0113,4,192.168.31.98
2026-02-05T11:22:07.073484,NORMAL,628970,4.106,0.0,0.0,-52,-71,-1.2566,1.0103,5,192.168.31.98
2026-02-05T11:22:10.079889,NORMAL,631991,4.1,-0.000268,-0.0011,-52,-30,0.966,1.0093,4,192.168.31.98
2026-02-05T11:22:13.196808,NORMAL,635011,4.106,0.0,0.0,-54,-28,0.8711,1.0083,4,192.168.31.98
2026-02-05T11:22:16.191943,NORMAL,638029,4.171,0.0,0.0,-57,-28,0.6652,1.0074,6,192.168.31.98
2026-02-05T11:22:19.086333,NORMAL,641047,4.173,0.0,0.0,-63,-73,-2.0877,1.0063,5,192.168.31.98
2026-02-05T11:22:22.168455,NORMAL,644065,4.169,-0.000165,-0.000688,-59,-30,0.7718,1.0052,6,192.168.31.98
2026-02-05T11:22:25.214079,NORMAL,647087,4.141,-0.001544,-0.006394,-63,-30,0.3516,1.004,5,192.168.31.98
2026-02-05T11:22:28.262059,NORMAL,650106,4.155,0.0,0.0,-59,-28,0.887,1.0029,5,192.168.31.98
2026-02-05T11:22:31.207612,NORMAL,653125,4.098,-0.002768,-0.011344,-60,-27,0.5586,1.0019,6,192.168.31.98
2026-02-05T11:22:34.331535,NORMAL,656146,4.1,0.0,0.0,-59,-71,-1.159,1.0007,5,192.168.31.98
2026-02-05T11:22:37.248100,ATTACK,659165,4.098,-0.000101,-0.000412,-57,-30,1.2448,0.9995,5,192.168.31.98
2026-02-05T11:22:40.396581,ATTACK,662187,4.165,0.0,0.0,-57,-30,1.237,0.9984,5,192.168.31.98
2026-02-05T11:22:43.334032,NORMAL,665205,4.096,-0.003374,-0.013819,-58,-29,0.7824,0.9973,3,192.168.31.98
2026-02-05T11:22:46.317182,ATTACK,668223,4.178,0.0,0.0,-59,-30,1.0801,0.9962,5,192.168.31.98
2026-02-05T11:22:49.353645,NORMAL,671242,4.156,-0.001059,-0.0044,-59,-29,0.9726,0.9952,3,192.168.31.98
2026-02-05T11:22:52.384040,NORMAL,674262,4.094,-0.004114,-0.016844,-57,-33,0.6808,0.9942,5,192.168.31.98
2026-02-05T11:22:55.450931,NORMAL,677285,4.09,-0.00432,-0.017669,-54,-35,0.8622,0.9931,5,192.168.31.98
2026-02-05T11:22:58.463339,NORMAL,680301,4.096,0.0,0.0,-62,-75,-1.3471,0.992,6,192.168.31.98
2026-02-05T11:23:01.459485,ATTACK,683319,4.101,0.0,0.0,-61,-33,1.1183,0.9909,3,192.168.31.98
2026-02-05T11:23:04.456684,ATTACK,686339,4.21,0.0,0.0,-60,-33,1.1908,0.9898,6,192.168.31.98
2026-02-05T11:23:07.396101,ATTACK,689358,4.211,0.0,0.0,-60,-32,1.1939,0.9888,5,192.168.31.98
2026-02-05T11:23:10.533823,NORMAL,692379,4.209,-0.000131,-0.00055,-61,-72,-0.9152,0.9877,5,192.168.31.98
2026-02-05T11:23:13.454596,NORMAL,695401,4.09,-0.005934,-0.024269,-65,-33,0.2991,0.9865,6,192.168.31.98
2026-02-05T11:23:16.505498,NORMAL,698421,4.135,0.0,0.0,-60,-72,-0.5055,0.9854,3,192.168.31.98
2026-02-05T11:23:19.538425,ATTACK,701441,4.104,-0.001491,-0.006119,-55,-34,1.7711,0.9843,5,192.168.31.98
2026-02-05T11:23:22.561740,ATTACK,704459,4.099,-0.001744,-0.00715,-55,-33,1.6853,0.9832,6,192.168.31.98
2026-02-05T11:23:25.524404,ATTACK,707477,4.157,0.0,0.0,-55,-32,1.8527,0.9822,4,192.168.31.98
2026-02-05T11:23:28.847129,NORMAL,710498,4.157,0.0,0.0,-57,-73,-0.3055,0.9812,6,192.168.31.98
2026-02-05T11:23:37.767098,NORMAL,719562,4.164,0.0,0.0,-55,-67,0.7226,0.9779,6,192.168.31.98
2026-02-05T11:23:40.925917,NORMAL,722581,4.208,0.0,0.0,-55,-66,0.8223,0.9768,4,192.168.31.98
2026-02-05T11:23:43.681884,NORMAL,725600,4.165,-0.00203,-0.008456,-54,-72,0.2036,0.9757,5,192.168.31.98
2026-02-05T11:23:46.748729,NORMAL,728619,4.209,0.0,0.0,-56,-71,0.5177,0.9746,5,192.168.31.98
2026-02-05T11:23:49.813896,NORMAL,731638,4.134,-0.003626,-0.014987,-56,-65,0.2837,0.9735,3,192.168.31.98
2026-02-05T11:23:52.758747,NORMAL,734658,4.094,-0.005609,-0.022962,-62,-62,-0.3826,0.9724,4,192.168.31.98
2026-02-05T11:23:58.939528,NORMAL,740694,4.132,0.0,0.0,-60,-71,0.4887,0.9701,3,192.168.31.98
2026-02-05T11:24:01.830097,NORMAL,743716,4.146,0.0,0.0,-63,-71,0.2545,0.9689,3,192.168.31.98
2026-02-05T11:24:04.914446,ATTACK,746733,4.155,0.0,0.0,-54,-71,1.3059,0.9678,4,192.168.31.98
2026-02-05T11:24:07.824138,ATTACK,749754,4.191,0.0,0.0,-55,-73,1.0253,0.9667,5,192.168.31.98
2026-02-05T11:24:10.899751,NORMAL,752774,4.206,0.0,0.0,-64,-67,0.4282,0.9656,6,192.168.31.98
2026-02-05T11:24:13.885141,ATTACK,755794,4.161,-0.002164,-0.009006,-54,-63,1.4392,0.9646,5,192.168.31.98
2026-02-05T11:24:16.882198,NORMAL,758814,4.126,-0.003865,-0.01595,-55,-74,0.2796,0.9635,5,192.168.31.98
2026-02-05T11:24:20.053902,ATTACK,761834,4.205,0.0,0.0,-53,-72,1.4176,0.9625,5,192.168.31.98
2026-02-05T11:24:22.958501,NORMAL,764855,4.096,-0.005321,-0.021794,-54,-70,0.4005,0.9615,4,192.168.31.98
2026-02-05T11:24:25.950903,NORMAL,767875,4.094,-0.00539,-0.022069,-54,-68,0.586,0.9604,5,192.168.31.98
2026-02-05T11:24:28.955623,ATTACK,770893,4.144,0.0,0.0,-55,-73,1.2005,0.9594,6,192.168.31.98
2026-02-05T11:24:32.054352,ATTACK,773912,4.203,0.0,0.0,-54,-70,1.483,0.9585,4,192.168.31.98
2026-02-05T11:24:34.956507,ATTACK,776930,4.163,-0.001899,-0.007906,-53,-72,1.0538,0.9576,5,192.168.31.98
2026-02-05T11:24:38.037401,NORMAL,779949,4.091,-0.005479,-0.022412,-52,-69,0.6908,0.9566,6,192.168.31.98
2026-02-05T11:24:41.037051,ATTACK,782967,4.159,0.0,0.0,-54,-68,1.584,0.9558,6,192.168.31.98
2026-02-05T11:24:44.098676,NORMAL,785986,4.134,-0.001214,-0.005019,-57,-69,0.874,0.9549,5,192.168.31.98
2026-02-05T11:24:47.070029,ATTACK,789005,4.162,0.0,0.0,-55,-67,1.4712,0.9541,4,192.168.31.98
2026-02-05T11:24:50.106405,ATTACK,792024,4.131,-0.001548,-0.006394,-55,-67,1.1209,0.9532,6,192.168.31.98
2026-02-05T11:24:53.138983,ATTACK,795042,4.201,0.0,0.0,-55,-71,1.1383,0.9524,6,192.168.31.98
2026-02-05T11:24:56.163559,NORMAL,798061,4.088,-0.005516,-0.02255,-54,-71,0.2298,0.9516,3,192.168.31.98
2026-02-05T11:24:59.165138,ATTACK,801080,4.098,0.0,0.0,-56,-73,0.9799,0.9508,7,192.168.31.98
2026-02-05T11:25:02.224329,NORMAL,804101,4.112,0.0,0.0,-59,-71,0.7752,0.95,5,192.168.31.98
2026-02-05T11:25:05.313693,ATTACK,807121,4.102,-0.000452,-0.001856,-57,-65,1.3149,0.9492,6,192.168.31.98
2026-02-05T11:25:08.256003,NORMAL,810140,4.144,0.0,0.0,-56,-74,0.9095,0.9484,5,192.168.31.98
2026-02-05T11:25:11.309826,ATTACK,813160,4.145,0.0,0.0,-57,-66,1.3067,0.9477,6,192.168.31.98
2026-02-05T11:25:17.424251,NORMAL,819201,4.196,0.0,0.0,-62,-71,0.4145,0.9462,5,192.168.31.98
2026-02-05T11:25:20.550943,NORMAL,822222,4.121,-0.003637,-0.014987,-56,-66,0.7685,0.9454,6,192.168.31.98
2026-02-05T11:25:26.518614,NORMAL,828263,4.086,-0.005384,-0.022,-64,-68,-0.3162,0.9438,7,192.168.31.98
2026-02-05T11:25:32.421009,NORMAL,834304,4.196,0.0,0.0,-60,-72,0.8961,0.9422,2,192.168.31.98
2026-02-05T11:25:35.527172,NORMAL,837323,4.082,-0.005608,-0.022894,-53,-72,0.6684,0.9414,3,192.168.31.98
2026-02-05T11:25:38.459359,ATTACK,840343,4.129,0.0,0.0,-54,-71,1.6834,0.9406,5,192.168.31.98
2026-02-05T11:25:41.394103,ATTACK,843361,4.15,0.0,0.0,-54,-69,1.7267,0.9399,6,192.168.31.98
2026-02-05T11:25:44.442681,ATTACK,846379,4.087,-0.003129,-0.012788,-55,-68,1.0003,0.9392,5,192.168.31.98
2026-02-05T11:25:47.617055,ATTACK,849400,4.193,0.0,0.0,-53,-69,1.7502,0.9385,5,192.168.31.98
2026-02-05T11:25:50.646126,NORMAL,852421,4.099,-0.00463,-0.018975,-54,-72,0.4982,0.9378,3,192.168.31.98
2026-02-05T11:25:53.622308,NORMAL,855440,4.135,0.0,0.0,-61,-67,0.9308,0.9371,5,192.168.31.98
2026-02-05T11:25:56.540692,NORMAL,858459,4.077,-0.002833,-0.01155,-61,-72,0.1661,0.9364,6,192.168.31.98
2026-02-05T11:25:59.622655,ATTACK,861476,4.192,0.0,0.0,-61,-64,1.2182,0.9357,5,192.168.31.98
2026-02-05T11:26:02.639825,NORMAL,864498,4.098,-0.004631,-0.018975,-62,-69,0.0108,0.9349,5,192.168.31.98
2026-02-05T11:26:05.695071,ATTACK,867518,4.185,0.0,0.0,-61,-68,1.0723,0.9342,1,192.168.31.98
2026-02-05T11:26:08.610523,NORMAL,870541,4.192,0.0,0.0,-62,-72,0.7304,0.9335,4,192.168.31.98
2026-02-05T11:26:11.700223,NORMAL,873559,4.138,-0.002592,-0.010725,-59,-71,0.6751,0.9327,7,192.168.31.98
2026-02-05T11:26:14.677535,NORMAL,876579,4.098,-0.00458,-0.018769,-64,-71,-0.0749,0.932,5,192.168.31.98
2026-02-05T11:26:17.767323,NORMAL,879601,4.029,-0.008053,-0.03245,-62,-66,-0.0555,0.9311,5,192.168.31.98
2026-02-05T11:26:23.756665,ATTACK,885641,4.13,-0.002131,-0.0088,-56,-75,1.0501,0.9296,5,192.168.31.98
2026-02-05T11:26:26.778983,ATTACK,888661,4.188,0.0,0.0,-55,-69,1.919,0.9289,4,192.168.31.98
2026-02-05T11:26:29.952988,NORMAL,891681,4.073,-0.005672,-0.0231,-55,-74,0.4775,0.9282,5,192.168.31.98
2026-02-05T11:26:33.093276,NORMAL,894701,4.072,-0.005689,-0.023169,-59,-72,0.2469,0.9274,5,192.168.31.98
2026-02-05T11:26:39.162405,ATTACK,900742,4.045,-0.001462,-0.005913,-55,-74,1.2701,0.926,6,192.168.31.98
2026-02-05T11:26:42.024513,ATTACK,903759,4.074,0.0,0.0,-56,-73,1.4484,0.9254,5,192.168.31.98
2026-02-05T11:26:44.873094,ATTACK,906777,4.069,-0.00022,-0.000894,-57,-73,1.2419,0.9248,4,192.168.31.98
2026-02-05T11:26:47.962932,ATTACK,909798,4.159,0.0,0.0,-58,-71,1.2629,0.9242,5,192.168.31.98
2026-02-05T11:26:51.002769,ATTACK,912820,4.183,0.0,0.0,-58,-70,1.2917,0.9236,6,192.168.31.98
2026-02-05T11:26:54.418936,NORMAL,915840,4.077,-0.005228,-0.021313,-57,-72,0.3224,0.923,6,192.168.31.98
2026-02-05T11:27:00.033617,NORMAL,921882,4.07,-0.005523,-0.022481,-57,-70,0.4349,0.9217,4,192.168.31.98
2026-02-05T11:27:02.987715,NORMAL,924902,4.067,-0.00568,-0.0231,-63,-71,-0.1308,0.921,5,192.168.31.98
2026-02-05T11:27:06.132011,ATTACK,927919,4.156,0.0,0.0,-58,-65,1.8214,0.9204,5,192.168.31.98
2026-02-05T11:27:09.109456,ATTACK,930940,4.181,0.0,0.0,-58,-72,1.2851,0.9198,4,192.168.31.98
2026-02-05T11:27:12.053277,NORMAL,933959,4.128,-0.002565,-0.010587,-59,-71,0.7498,0.9192,5,192.168.31.98
2026-02-05T11:27:15.082425,ATTACK,936977,4.182,0.0,0.0,-57,-70,1.5169,0.9186,6,192.168.31.98
2026-02-05T11:27:18.394598,ATTACK,939996,4.181,-4.9e-05,-0.000206,-56,-67,1.7484,0.9181,5,192.168.31.98
2026-02-05T11:27:21.240511,ATTACK,943016,4.173,-0.000445,-0.001856,-58,-71,1.1032,0.9175,4,192.168.31.98
2026-02-05T11:27:24.178491,ATTACK,946036,4.179,0.0,0.0,-56,-67,1.6486,0.917,5,192.168.31.98
2026-02-05T11:27:27.444467,NORMAL,949054,4.069,-0.005424,-0.022069,-56,-74,0.1782,0.9165,6,192.168.31.98
2026-02-05T11:27:30.349811,ATTACK,952073,4.178,0.0,0.0,-57,-66,1.6144,0.916,6,192.168.31.98
2026-02-05T11:27:33.249658,NORMAL,955092,4.06,-0.005808,-0.023581,-57,-70,0.2569,0.9154,5,192.168.31.98
2026-02-05T11:27:36.330615,ATTACK,958110,4.065,0.0,0.0,-56,-65,1.8099,0.9149,5,192.168.31.98
2026-02-05T11:27:39.334633,ATTACK,961130,4.135,0.0,0.0,-58,-68,1.287,0.9144,5,192.168.31.98
2026-02-05T11:27:42.320149,NORMAL,964148,4.062,-0.003588,-0.014575,-57,-74,0.3687,0.9139,6,192.168.31.98
2026-02-05T11:27:45.215905,ATTACK,967168,4.118,0.0,0.0,-57,-68,1.4435,0.9134,6,192.168.31.98
2026-02-05T11:27:48.309261,ATTACK,970188,4.133,0.0,0.0,-56,-73,1.1879,0.9129,5,192.168.31.98
2026-02-05T11:27:51.307872,NORMAL,973208,4.066,-0.003297,-0.013406,-57,-72,0.5301,0.9124,4,192.168.31.98
2026-02-05T11:27:54.861488,ATTACK,976228,4.057,-0.003728,-0.015125,-56,-67,0.9202,0.9118,5,192.168.31.98
2026-02-05T11:27:57.292221,ATTACK,979246,4.059,0.0,0.0,-57,-73,1.1227,0.9113,4,192.168.31.98
2026-02-05T11:28:00.291617,ATTACK,982264,4.098,0.0,0.0,-55,-65,1.8408,0.9108,5,192.168.31.98
2026-02-05T11:28:03.465702,ATTACK,985283,4.13,0.0,0.0,-55,-70,1.4129,0.9104,4,192.168.31.98
2026-02-05T11:28:06.362435,NORMAL,988302,4.058,-0.003575,-0.014506,-56,-66,0.8435,0.9099,3,192.168.31.98
2026-02-05T11:28:09.456246,ATTACK,991321,4.085,0.0,0.0,-57,-73,0.9688,0.9095,5,192.168.31.98
2026-02-05T11:28:12.448803,ATTACK,994340,4.109,0.0,0.0,-56,-64,1.6475,0.909,4,192.168.31.98
2026-02-05T11:28:15.442522,NORMAL,997359,4.061,-0.002353,-0.009556,-58,-73,0.3719,0.9086,4,192.168.31.98
2026-02-05T11:28:18.541074,NORMAL,1000376,4.11,0.0,0.0,-62,-71,0.5648,0.9081,6,192.168.31.98
2026-02-05T11:28:21.519148,NORMAL,1003395,4.061,-0.002421,-0.009831,-61,-67,0.5297,0.9075,6,192.168.31.98
2026-02-05T11:28:30.640189,ATTACK,1012457,4.124,0.0,0.0,-54,-70,1.688,0.9059,6,192.168.31.98
2026-02-05T11:28:33.633139,NORMAL,1015475,4.169,0.0,0.0,-62,-71,0.6651,0.9054,5,192.168.31.98
2026-02-05T11:28:36.722525,NORMAL,1018495,4.093,-0.003712,-0.015194,-62,-68,0.247,0.9049,3,192.168.31.98
2026-02-05T11:28:39.642360,NORMAL,1021514,4.138,0.0,0.0,-62,-72,0.7384,0.9043,4,192.168.31.98
2026-02-05T11:28:42.818657,NORMAL,1024534,4.055,-0.004086,-0.016569,-64,-67,0.1857,0.9037,7,192.168.31.98
2026-02-05T11:28:45.798907,NORMAL,1027551,4.126,0.0,0.0,-64,-72,0.6734,0.9031,4,192.168.31.98
2026-02-05T11:28:48.708957,NORMAL,1030574,4.055,-0.003493,-0.014162,-59,-76,0.3965,0.9024,6,192.168.31.98
2026-02-05T11:28:51.799757,ATTACK,1033594,4.17,0.0,0.0,-54,-70,1.9785,0.9018,4,192.168.31.98
2026-02-05T11:28:54.696681,ATTACK,1036616,4.166,-0.000182,-0.000756,-63,-66,1.0614,0.9013,7,192.168.31.98
2026-02-05T11:28:57.784579,NORMAL,1039634,4.048,-0.005995,-0.024269,-62,-69,0.0237,0.9006,5,192.168.31.98
2026-02-05T11:29:00.786186,ATTACK,1042652,4.167,0.0,0.0,-63,-70,0.973,0.9,5,192.168.31.98
2026-02-05T11:29:03.799496,ATTACK,1045671,4.168,0.0,0.0,-53,-70,2.0849,0.8995,4,192.168.31.98
2026-02-05T11:29:06.982869,ATTACK,1048691,4.054,-0.005631,-0.022825,-54,-68,0.9253,0.8989,5,192.168.31.98
2026-02-05T11:29:09.790385,ATTACK,1051709,4.07,0.0,0.0,-56,-67,1.7969,0.8984,5,192.168.31.98
2026-02-05T11:29:12.875332,ATTACK,1054728,4.045,-0.001241,-0.005019,-57,-73,0.9869,0.8979,5,192.168.31.98
2026-02-05T11:29:15.875466,ATTACK,1057749,4.098,0.0,0.0,-55,-72,1.4932,0.8974,4,192.168.31.98
2026-02-05T11:29:18.793773,ATTACK,1060767,4.138,0.0,0.0,-55,-66,1.8142,0.897,5,192.168.31.98
2026-02-05T11:29:21.974398,ATTACK,1063786,4.049,-0.004398,-0.017806,-53,-66,1.1259,0.8965,4,192.168.31.98
2026-02-05T11:29:24.929761,ATTACK,1066806,4.093,0.0,0.0,-54,-71,1.4881,0.8961,6,192.168.31.98
2026-02-05T11:29:28.082694,NORMAL,1069824,4.045,-0.002397,-0.009694,-62,-72,0.1092,0.8956,5,192.168.31.98
2026-02-05T11:29:30.980166,NORMAL,1072842,4.118,0.0,0.0,-63,-72,0.5182,0.8952,5,192.168.31.98
2026-02-05T11:29:37.155227,ATTACK,1078879,4.039,-0.003932,-0.015881,-55,-70,0.9029,0.8941,6,192.168.31.98
2026-02-05T11:29:40.041901,ATTACK,1081897,4.16,0.0,0.0,-54,-69,1.8089,0.8936,5,192.168.31.98
2026-02-05T11:29:43.008330,NORMAL,1084916,4.059,-0.004979,-0.020212,-55,-68,0.7446,0.8932,5,192.168.31.98
2026-02-05T11:29:46.162672,NORMAL,1087937,4.162,0.0,0.0,-68,-66,0.4671,0.8926,3,192.168.31.98
2026-02-05T11:29:49.234019,NORMAL,1090958,4.161,-6.6e-05,-0.000275,-67,-71,0.3416,0.8921,6,192.168.31.98
2026-02-05T11:29:52.119506,ATTACK,1093980,4.106,-0.002729,-0.011206,-56,-63,1.5187,0.8916,6,192.168.31.98
2026-02-05T11:29:55.159517,NORMAL,1096999,4.102,-0.00295,-0.0121,-57,-71,0.8129,0.8911,5,192.168.31.98
2026-02-05T11:29:58.123966,NORMAL,1100017,4.039,-0.006128,-0.02475,-56,-71,0.3929,0.8905,5,192.168.31.98
2026-02-05T11:30:01.365210,ATTACK,1103034,4.06,0.0,0.0,-55,-72,1.6015,0.89,6,192.168.31.98
2026-02-05T11:30:04.062584,NORMAL,1106055,4.155,0.0,0.0,-65,-72,0.4999,0.8895,4,192.168.31.98
2026-02-05T11:30:07.225503,NORMAL,1109073,4.052,-0.005107,-0.020694,-63,-73,-0.1305,0.8889,5,192.168.31.98
2026-02-05T11:30:10.174864,ATTACK,1112095,4.045,-0.005473,-0.022137,-54,-70,0.9719,0.8883,4,192.168.31.98
2026-02-05T11:30:13.177790,ATTACK,1115114,4.156,0.0,0.0,-54,-73,1.7732,0.8877,3,192.168.31.98
2026-02-05T11:30:16.361465,ATTACK,1118132,4.101,-0.002699,-0.011069,-54,-72,1.2503,0.8872,4,192.168.31.98
2026-02-05T11:30:19.275287,NORMAL,1121153,4.091,-0.00321,-0.013131,-60,-68,0.7234,0.8867,3,192.168.31.98
2026-02-05T11:30:22.333900,ATTACK,1124170,4.11,0.0,0.0,-63,-70,0.8894,0.8861,6,192.168.31.98
2026-02-05T11:30:25.302608,NORMAL,1127189,4.073,-0.001789,-0.007288,-61,-73,0.6331,0.8856,5,192.168.31.98
2026-02-05T11:30:28.307207,ATTACK,1130210,4.153,0.0,0.0,-62,-70,1.0452,0.8851,6,192.168.31.98
2026-02-05T11:30:31.294328,NORMAL,1133228,4.106,-0.002277,-0.00935,-59,-72,0.8421,0.8845,7,192.168.31.98
2026-02-05T11:30:34.280299,ATTACK,1136246,4.153,0.0,0.0,-55,-66,2.0863,0.884,4,192.168.31.98
2026-02-05T11:30:37.332068,NORMAL,1139265,4.037,-0.005757,-0.023238,-65,-68,-0.1549,0.8835,6,192.168.31.98
2026-02-05T11:30:40.388828,ATTACK,1142286,4.038,0.0,0.0,-55,-71,1.7639,0.883,5,192.168.31.98
2026-02-05T11:30:43.537062,ATTACK,1145307,4.043,0.0,0.0,-54,-72,1.7165,0.8825,4,192.168.31.98
2026-02-05T11:30:46.367238,ATTACK,1148326,4.054,0.0,0.0,-55,-68,1.7671,0.8821,6,192.168.31.98
2026-02-05T11:30:49.516501,NORMAL,1151348,4.15,0.0,0.0,-64,-72,0.4853,0.8817,2,192.168.31.98
2026-02-05T11:30:52.526803,NORMAL,1154367,4.104,-0.002262,-0.009281,-65,-72,0.0988,0.8812,6,192.168.31.98
2026-02-05T11:30:55.570295,NORMAL,1157388,4.022,-0.006376,-0.025644,-64,-74,-0.4301,0.8806,8,192.168.31.98
2026-02-05T11:30:58.761844,ATTACK,1160406,4.062,0.0,0.0,-57,-62,2.1436,0.8801,5,192.168.31.98
2026-02-05T11:31:01.551664,ATTACK,1163425,4.033,-0.001432,-0.005775,-61,-66,1.0595,0.8796,6,192.168.31.98
2026-02-05T11:31:04.644687,NORMAL,1166444,4.148,0.0,0.0,-69,-64,0.6525,0.8791,7,192.168.31.98
2026-02-05T11:31:07.656630,NORMAL,1169463,4.125,-0.001117,-0.004606,-68,-73,0.1608,0.8785,5,192.168.31.98
2026-02-05T11:31:10.869722,NORMAL,1172482,4.055,-0.004595,-0.018631,-59,-71,0.5618,0.878,6,192.168.31.98
2026-02-05T11:31:14.179626,NORMAL,1175502,4.081,0.0,0.0,-67,-73,0.5396,0.8774,5,192.168.31.98
2026-02-05T11:31:16.584563,ATTACK,1178520,4.031,-0.002473,-0.009969,-65,-63,0.8937,0.8768,5,192.168.31.98
2026-02-05T11:31:19.759295,NORMAL,1181538,4.033,0.0,0.0,-66,-70,0.8314,0.8762,5,192.168.31.98
2026-02-05T11:31:22.629640,ATTACK,1184557,4.146,0.0,0.0,-64,-67,1.1983,0.8757,5,192.168.31.98
2026-02-05T11:31:25.618508,NORMAL,1187576,4.025,-0.00603,-0.024269,-64,-80,-0.3428,0.8751,6,192.168.31.98
2026-02-05T11:31:28.838209,ATTACK,1190594,4.028,0.0,0.0,-56,-61,2.5751,0.8745,3,192.168.31.98
2026-02-05T11:31:31.657816,ATTACK,1193614,4.028,0.0,0.0,-58,-73,1.4109,0.874,5,192.168.31.98
2026-02-05T11:31:34.791292,ATTACK,1196633,4.072,0.0,0.0,-56,-73,1.5797,0.8735,6,192.168.31.98
2026-02-05T11:31:37.717931,ATTACK,1199660,4.069,-0.000186,-0.000756,-56,-74,1.413,0.8731,4,192.168.31.98
2026-02-05T11:31:41.316341,ATTACK,1202678,4.099,0.0,0.0,-54,-64,2.2557,0.8727,7,192.168.31.98
2026-02-05T11:31:43.801476,ATTACK,1205696,4.02,-0.003916,-0.015744,-54,-67,1.1855,0.8723,5,192.168.31.98
2026-02-05T11:31:46.800778,ATTACK,1208715,4.076,0.0,0.0,-55,-71,1.5087,0.872,1,192.168.31.98
2026-02-05T11:31:49.832358,ATTACK,1211733,4.099,0.0,0.0,-55,-68,1.6339,0.8716,1,192.168.31.98
2026-02-05T11:31:52.843802,ATTACK,1214754,4.143,0.0,0.0,-55,-68,1.5522,0.8713,3,192.168.31.98
2026-02-05T11:31:55.834622,NORMAL,1217774,4.097,-0.002249,-0.009212,-58,-66,0.8618,0.871,5,192.168.31.98
2026-02-05T11:31:58.952634,ATTACK,1220796,4.143,0.0,0.0,-56,-68,1.384,0.8707,3,192.168.31.98
2026-02-05T11:32:02.223362,NORMAL,1223814,4.024,-0.005911,-0.023787,-57,-69,0.1243,0.8703,4,192.168.31.98
2026-02-05T11:32:04.960556,NORMAL,1226832,4.019,-0.006158,-0.02475,-58,-75,-0.2144,0.8699,3,192.168.31.98
2026-02-05T11:32:07.974272,ATTACK,1229852,4.071,0.0,0.0,-55,-72,1.4573,0.8695,3,192.168.31.98
2026-02-05T11:32:17.346882,ATTACK,1238911,4.077,-0.000708,-0.002888,-58,-73,0.9444,0.8682,3,192.168.31.98
2026-02-05T11:32:20.133116,NORMAL,1241931,4.067,-0.001217,-0.00495,-63,-73,0.381,0.8677,4,192.168.31.98
2026-02-05T11:32:22.959934,NORMAL,1244951,4.019,-0.003609,-0.014506,-64,-73,-0.0061,0.8672,4,192.168.31.98
2026-02-05T11:32:26.039446,ATTACK,1247972,4.098,0.0,0.0,-56,-72,1.5459,0.8668,3,192.168.31.98
2026-02-05T11:32:29.127988,ATTACK,1250992,4.092,-0.000286,-0.001169,-54,-66,2.0341,0.8663,5,192.168.31.98
2026-02-05T11:32:32.078974,NORMAL,1254010,4.029,-0.003395,-0.013681,-56,-74,0.6334,0.8659,4,192.168.31.98
2026-02-05T11:32:35.482101,ATTACK,1257028,4.121,0.0,0.0,-56,-66,1.7652,0.8655,4,192.168.31.98
2026-02-05T11:32:38.082244,NORMAL,1260047,4.018,-0.005098,-0.020487,-58,-71,0.2581,0.8651,3,192.168.31.98
2026-02-05T11:32:41.147110,ATTACK,1263065,4.032,0.0,0.0,-54,-65,2.0563,0.8647,6,192.168.31.98
2026-02-05T11:32:44.381035,NORMAL,1266083,4.032,0.0,0.0,-63,-71,0.5887,0.8643,4,192.168.31.98
2026-02-05T11:32:47.132682,NORMAL,1269102,4.01,-0.001097,-0.0044,-62,-72,0.4957,0.8638,5,192.168.31.98
2026-02-05T11:32:50.175261,ATTACK,1272123,4.136,0.0,0.0,-61,-67,1.1195,0.8634,5,192.168.31.98
2026-02-05T11:32:53.318609,NORMAL,1275144,4.033,-0.005131,-0.020694,-60,-66,0.3931,0.8629,3,192.168.31.98
2026-02-05T11:32:56.265664,ATTACK,1278164,4.05,0.0,0.0,-62,-66,1.1325,0.8625,3,192.168.31.98
2026-02-05T11:32:59.232719,ATTACK,1281183,4.013,-0.001833,-0.007356,-60,-67,0.9527,0.8621,4,192.168.31.98
2026-02-05T11:33:02.414392,ATTACK,1284205,4.045,0.0,0.0,-61,-67,1.1687,0.8616,4,192.168.31.98
2026-02-05T11:33:05.337088,ATTACK,1287226,4.057,0.0,0.0,-60,-67,1.2547,0.8612,4,192.168.31.98
2026-02-05T11:33:08.440100,ATTACK,1290247,4.135,0.0,0.0,-56,-62,1.9774,0.8608,3,192.168.31.98
2026-02-05T11:33:11.349555,ATTACK,1293264,4.08,-0.00273,-0.011137,-57,-59,1.4253,0.8605,5,192.168.31.98
2026-02-05T11:33:14.446413,ATTACK,1296282,4.132,0.0,0.0,-56,-56,2.1377,0.8602,4,192.168.31.98
2026-02-05T11:33:17.429767,NORMAL,1299300,4.013,-0.005945,-0.023856,-55,-62,0.7034,0.8599,4,192.168.31.98
2026-02-05T11:33:20.625545,ATTACK,1302320,4.132,0.0,0.0,-56,-73,1.0182,0.8595,3,192.168.31.98
2026-02-05T11:33:23.458247,NORMAL,1305342,4.016,-0.005769,-0.023169,-64,-68,-0.4182,0.8591,5,192.168.31.98
2026-02-05T11:33:26.452350,ATTACK,1308363,4.061,0.0,0.0,-56,-68,1.4936,0.8588,4,192.168.31.98
2026-02-05T11:33:29.527377,ATTACK,1311384,4.013,-0.002416,-0.009694,-54,-60,1.7112,0.8584,3,192.168.31.98
2026-02-05T11:33:32.431118,ATTACK,1314405,4.01,-0.002555,-0.010244,-54,-59,1.654,0.8581,4,192.168.31.98
2026-02-05T11:33:35.512718,ATTACK,1317428,4.055,0.0,0.0,-57,-72,0.9023,0.8578,2,192.168.31.98
2026-02-05T11:33:38.549258,NORMAL,1320446,4.052,-0.000136,-0.00055,-65,-70,0.2274,0.8574,3,192.168.31.98
2026-02-05T11:33:41.553607,NORMAL,1323467,4.01,-0.002246,-0.009006,-63,-62,0.5922,0.857,4,192.168.31.98
2026-02-05T11:33:44.557221,NORMAL,1326484,4.007,-0.002385,-0.009556,-64,-72,-0.0117,0.8566,6,192.168.31.98
2026-02-05T11:33:47.643028,NORMAL,1329506,4.068,0.0,0.0,-67,-61,0.8026,0.8562,5,192.168.31.98
2026-02-05T11:33:53.760467,NORMAL,1335545,4.082,0.0,0.0,-67,-74,0.1932,0.8552,2,192.168.31.98
2026-02-05T11:33:56.647546,ATTACK,1338565,4.129,0.0,0.0,-64,-59,1.3265,0.8548,4,192.168.31.98
2026-02-05T11:33:59.617618,NORMAL,1341586,4.007,-0.006074,-0.024337,-67,-58,0.1655,0.8542,4,192.168.31.98
2026-02-05T11:34:02.804243,ATTACK,1344606,4.016,0.0,0.0,-58,-59,2.0383,0.8538,4,192.168.31.98
2026-02-05T11:34:05.682447,ATTACK,1347625,4.008,-0.000377,-0.001513,-62,-61,1.2901,0.8534,5,192.168.31.98
2026-02-05T11:34:08.710026,ATTACK,1350644,4.081,0.0,0.0,-57,-73,1.1487,0.8529,5,192.168.31.98
2026-02-05T11:34:11.693089,ATTACK,1353664,4.005,-0.003794,-0.015194,-55,-62,1.3447,0.8525,4,192.168.31.98
2026-02-05T11:34:14.763955,ATTACK,1356683,4.007,0.0,0.0,-56,-60,1.9877,0.8522,1,192.168.31.98
2026-02-05T11:34:17.967225,ATTACK,1359701,4.045,0.0,0.0,-54,-73,1.2899,0.8518,5,192.168.31.98
2026-02-05T11:34:20.903093,ATTACK,1362720,4.127,0.0,0.0,-56,-63,1.6479,0.8515,4,192.168.31.98
2026-02-05T11:34:23.986229,ATTACK,1365740,4.003,-0.0062,-0.024819,-55,-58,0.8757,0.8512,4,192.168.31.98
2026-02-05T11:34:26.898596,ATTACK,1368761,4.126,0.0,0.0,-54,-62,1.873,0.8509,3,192.168.31.98
2026-02-05T11:34:29.973194,ATTACK,1371781,4.089,-0.001816,-0.007425,-57,-59,1.2687,0.8507,4,192.168.31.98
2026-02-05T11:34:32.940529,ATTACK,1374802,4.126,0.0,0.0,-59,-62,1.1573,0.8504,4,192.168.31.98
2026-02-05T11:34:35.856857,ATTACK,1377821,4.117,-0.000434,-0.001787,-58,-59,1.3484,0.8501,4,192.168.31.98
2026-02-05T11:34:38.948669,ATTACK,1380842,4.08,-0.002292,-0.00935,-56,-59,1.1988,0.8499,5,192.168.31.98
2026-02-05T11:34:41.986155,NORMAL,1383860,4.008,-0.005883,-0.023581,-57,-72,-0.3151,0.8495,3,192.168.31.98
2026-02-05T11:34:44.939311,ATTACK,1386882,4.065,0.0,0.0,-58,-65,1.163,0.8492,4,192.168.31.98
2026-02-05T11:34:48.117977,NORMAL,1389900,4.123,0.0,0.0,-57,-72,0.8304,0.8489,3,192.168.31.98
2026-02-05T11:34:50.931913,ATTACK,1392929,4.124,0.0,0.0,-55,-63,1.6262,0.8486,4,192.168.31.98
2026-02-05T11:34:54.106259,NORMAL,1395950,4.004,-0.005958,-0.023856,-57,-70,-0.1361,0.8482,4,192.168.31.98
2026-02-05T11:34:57.015858,ATTACK,1398969,4.114,0.0,0.0,-59,-68,0.9371,0.8478,5,192.168.31.98
2026-02-05T11:35:00.075702,NORMAL,1401988,4.006,-0.005389,-0.021588,-56,-72,0.0979,0.8474,3,192.168.31.98
2026-02-05T11:35:03.041750,ATTACK,1405008,4.121,0.0,0.0,-56,-73,1.0823,0.847,4,192.168.31.98
2026-02-05T11:35:06.116920,NORMAL,1408029,4.052,-0.00341,-0.013819,-56,-69,0.7081,0.8466,2,192.168.31.98
2026-02-05T11:35:09.128145,ATTACK,1411050,4.122,0.0,0.0,-56,-63,1.7221,0.8462,4,192.168.31.98
2026-02-05T11:35:12.494733,NORMAL,1414072,4.121,-5e-05,-0.000206,-64,-72,0.2802,0.8458,3,192.168.31.98
2026-02-05T11:35:15.380872,NORMAL,1417095,4.052,-0.00341,-0.013819,-67,-70,-0.2842,0.8453,6,192.168.31.98
2026-02-05T11:35:18.205536,NORMAL,1420113,4.104,0.0,0.0,-64,-73,0.4628,0.8448,4,192.168.31.98
2026-02-05T11:35:21.467563,NORMAL,1423134,4.049,-0.002717,-0.011,-63,-67,0.4892,0.8443,3,192.168.31.98
2026-02-05T11:35:24.210395,ATTACK,1426155,3.999,-0.005244,-0.020969,-55,-62,1.2276,0.8438,4,192.168.31.98
2026-02-05T11:35:27.276499,ATTACK,1429175,4.118,0.0,0.0,-53,-73,1.6805,0.8433,4,192.168.31.98
2026-02-05T11:35:30.265056,ATTACK,1432194,4.081,-0.001836,-0.007494,-55,-62,1.7205,0.8429,4,192.168.31.98
2026-02-05T11:35:33.552508,ATTACK,1435214,4.076,-0.002092,-0.008525,-54,-67,1.3876,0.8425,4,192.168.31.98
2026-02-05T11:35:36.376408,NORMAL,1438232,4.002,-0.005824,-0.023306,-60,-64,0.2437,0.842,3,192.168.31.98
2026-02-05T11:35:39.354225,NORMAL,1441251,3.995,-0.006196,-0.02475,-61,-72,-0.2418,0.8415,5,192.168.31.98
2026-02-05T11:35:42.509401,ATTACK,1444269,4.0,0.0,0.0,-61,-72,0.903,0.841,4,192.168.31.98
2026-02-05T11:35:45.460681,NORMAL,1447289,3.997,-0.000138,-0.00055,-63,-77,0.4566,0.8405,3,192.168.31.98
2026-02-05T11:35:48.367872,ATTACK,1450309,4.015,0.0,0.0,-54,-73,1.6626,0.8401,5,192.168.31.98
2026-02-05T11:35:51.463658,ATTACK,1453326,4.07,0.0,0.0,-54,-66,2.0217,0.8396,3,192.168.31.98
2026-02-05T11:35:54.394511,ATTACK,1456346,4.115,0.0,0.0,-55,-70,1.5233,0.8392,5,192.168.31.98
2026-02-05T11:35:57.460957,NORMAL,1459367,4.032,-0.004144,-0.016706,-56,-67,0.7919,0.8388,4,192.168.31.98
2026-02-05T11:36:00.798857,ATTACK,1462385,4.068,0.0,0.0,-54,-64,1.9721,0.8385,7,192.168.31.98
2026-02-05T11:36:03.695411,ATTACK,1465406,4.114,0.0,0.0,-55,-72,1.2343,0.8382,4,192.168.31.98
2026-02-05T11:36:06.645745,NORMAL,1468424,3.994,-0.006007,-0.023994,-66,-72,-0.7325,0.8377,4,192.168.31.98
2026-02-05T11:36:09.451517,NORMAL,1471441,3.99,-0.006203,-0.02475,-62,-72,-0.2971,0.8373,4,192.168.31.98
2026-02-05T11:36:12.489551,ATTACK,1474459,4.0,0.0,0.0,-54,-73,1.6127,0.8368,4,192.168.31.98
2026-02-05T11:36:15.577201,ATTACK,1477478,4.024,0.0,0.0,-53,-67,2.0286,0.8364,3,192.168.31.98
2026-02-05T11:36:18.646904,ATTACK,1480498,4.114,0.0,0.0,-54,-67,1.7795,0.8361,4,192.168.31.98
2026-02-05T11:36:22.196986,NORMAL,1483517,3.993,-0.006078,-0.024269,-63,-74,-0.5826,0.8356,3,192.168.31.98
2026-02-05T11:36:24.697190,NORMAL,1486534,3.989,-0.006256,-0.024956,-63,-73,-0.385,0.8351,5,192.168.31.98
2026-02-05T11:36:27.680690,ATTACK,1489556,4.048,0.0,0.0,-62,-67,1.1566,0.8346,4,192.168.31.98
2026-02-05T11:36:30.675562,NORMAL,1492573,4.11,0.0,0.0,-63,-72,0.7682,0.8342,5,192.168.31.98
2026-02-05T11:36:33.653159,NORMAL,1495591,4.112,0.0,0.0,-66,-73,0.4909,0.8336,3,192.168.31.98
2026-02-05T11:36:36.674337,NORMAL,1498610,4.02,-0.004566,-0.018356,-65,-66,0.2785,0.8331,5,192.168.31.98
2026-02-05T11:36:39.780531,NORMAL,1501631,4.059,0.0,0.0,-66,-72,0.6742,0.8326,4,192.168.31.98
2026-02-05T11:36:42.853777,ATTACK,1504651,4.111,0.0,0.0,-65,-66,1.1061,0.832,2,192.168.31.98
2026-02-05T11:36:45.904283,NORMAL,1507670,4.044,-0.003349,-0.013544,-64,-73,0.2983,0.8315,5,192.168.31.98
2026-02-05T11:36:48.945818,ATTACK,1510687,4.11,0.0,0.0,-64,-73,0.8971,0.8309,3,192.168.31.98
2026-02-05T11:36:51.738878,NORMAL,1513705,4.058,-0.002592,-0.010519,-64,-75,0.4127,0.8304,6,192.168.31.98
2026-02-05T11:36:55.010065,ATTACK,1516723,4.054,-0.002781,-0.011275,-64,-67,0.8481,0.8298,4,192.168.31.98
2026-02-05T11:36:58.082244,NORMAL,1519744,4.024,-0.004271,-0.017188,-61,-71,0.6867,0.8293,3,192.168.31.98
2026-02-05T11:37:00.872951,ATTACK,1522766,3.997,-0.005659,-0.022619,-59,-61,1.2565,0.8287,4,192.168.31.98
2026-02-05T11:37:03.846992,ATTACK,1525785,4.073,0.0,0.0,-61,-75,1.1736,0.8282,5,192.168.31.98
2026-02-05T11:37:06.904831,NORMAL,1528803,3.992,-0.004047,-0.016156,-60,-74,0.6473,0.8277,4,192.168.31.98
2026-02-05T11:37:09.837886,ATTACK,1531821,4.046,0.0,0.0,-61,-73,1.3032,0.8271,4,192.168.31.98
2026-02-05T11:37:12.923560,ATTACK,1534839,4.107,0.0,0.0,-60,-73,1.3678,0.8267,4,192.168.31.98
2026-02-05T11:37:15.946900,NORMAL,1537858,3.983,-0.006232,-0.024819,-59,-75,0.3106,0.8262,5,192.168.31.98
2026-02-05T11:37:19.042423,ATTACK,1540879,4.108,0.0,0.0,-60,-74,1.3499,0.8257,2,192.168.31.98
2026-02-05T11:37:22.139526,ATTACK,1543899,4.02,-0.004378,-0.0176,-59,-67,1.0715,0.8252,3,192.168.31.98
2026-02-05T11:37:25.025477,ATTACK,1546920,3.99,-0.005892,-0.023513,-58,-63,1.1445,0.8247,5,192.168.31.98
2026-02-05T11:37:28.097053,ATTACK,1549942,4.005,0.0,0.0,-59,-74,1.3835,0.8243,4,192.168.31.98
2026-02-05T11:37:31.030417,ATTACK,1552961,3.989,-0.000776,-0.003094,-62,-75,0.867,0.8239,5,192.168.31.98
2026-02-05T11:37:34.063920,ATTACK,1555981,3.984,-0.001053,-0.004194,-63,-64,1.3371,0.8235,3,192.168.31.98
2026-02-05T11:37:37.125474,ATTACK,1559000,3.987,0.0,0.0,-61,-74,1.1133,0.8231,5,192.168.31.98
2026-02-05T11:37:40.534824,ATTACK,1562021,4.069,0.0,0.0,-62,-74,1.0047,0.8227,4,192.168.31.98
2026-02-05T11:37:43.448729,ATTACK,1565039,4.105,0.0,0.0,-62,-67,1.3887,0.8223,3,192.168.31.98
2026-02-05T11:37:46.178523,ATTACK,1568056,4.103,-0.000101,-0.000412,-55,-67,2.0952,0.822,3,192.168.31.98
2026-02-05T11:37:49.119257,ATTACK,1571079,4.035,-0.003459,-0.013956,-55,-67,1.3524,0.8217,3,192.168.31.98
2026-02-05T11:37:52.122544,ATTACK,1574096,4.104,0.0,0.0,-58,-77,1.008,0.8214,3,192.168.31.98
2026-02-05T11:37:58.327112,ATTACK,1580138,3.985,0.0,0.0,-53,-74,1.8386,0.8207,2,192.168.31.98
2026-02-05T11:38:01.229349,ATTACK,1583157,4.041,0.0,0.0,-54,-65,2.1883,0.8205,5,192.168.31.98
2026-02-05T11:38:04.411501,ATTACK,1586177,3.986,-0.002742,-0.010931,-55,-66,1.3663,0.8202,4,192.168.31.98
2026-02-05T11:38:07.282144,ATTACK,1589197,4.015,0.0,0.0,-55,-67,1.7478,0.82,4,192.168.31.98
2026-02-05T11:38:10.286598,ATTACK,1592216,4.057,0.0,0.0,-54,-70,1.5771,0.8198,5,192.168.31.98
2026-02-05T11:38:13.332648,ATTACK,1595236,4.006,-0.002574,-0.010312,-54,-68,1.1657,0.8196,3,192.168.31.98
2026-02-05T11:38:16.371206,ATTACK,1598255,4.056,0.0,0.0,-54,-66,1.7311,0.8195,5,192.168.31.98
2026-02-05T11:38:19.312719,ATTACK,1601276,4.0,-0.002836,-0.011344,-52,-66,1.3484,0.8193,5,192.168.31.98
2026-02-05T11:38:22.366904,NORMAL,1604298,3.977,-0.003993,-0.015881,-54,-73,0.4641,0.8191,4,192.168.31.98
2026-02-05T11:38:25.416752,ATTACK,1607316,4.009,0.0,0.0,-53,-67,1.7107,0.819,5,192.168.31.98
2026-02-05T11:38:28.416491,ATTACK,1610337,4.009,0.0,0.0,-54,-72,1.1945,0.8188,4,192.168.31.98
2026-02-05T11:38:31.382119,ATTACK,1613358,4.101,0.0,0.0,-55,-74,0.9422,0.8187,3,192.168.31.98
2026-02-05T11:38:34.367273,ATTACK,1616378,4.1,-3.4e-05,-0.000138,-55,-72,1.0619,0.8185,3,192.168.31.98
2026-02-05T11:38:37.452193,ATTACK,1619397,4.1,0.0,0.0,-54,-67,1.4787,0.8183,3,192.168.31.98
2026-02-05T11:38:40.417770,NORMAL,1622417,3.979,-0.006082,-0.0242,-55,-73,-0.0938,0.8181,3,192.168.31.98
2026-02-05T11:38:43.559616,ATTACK,1625439,4.1,0.0,0.0,-56,-72,1.0277,0.8179,4,192.168.31.98
2026-02-05T11:38:46.538352,NORMAL,1628460,4.044,-0.002805,-0.011344,-55,-72,0.6409,0.8177,6,192.168.31.98
2026-02-05T11:38:49.511650,ATTACK,1631481,4.099,0.0,0.0,-55,-66,1.546,0.8174,3,192.168.31.98
2026-02-05T11:38:52.538027,ATTACK,1634502,4.093,-0.000269,-0.0011,-56,-73,0.8944,0.8172,5,192.168.31.98
2026-02-05T11:38:55.573147,ATTACK,1637522,4.053,-0.002239,-0.009075,-55,-68,0.9652,0.817,5,192.168.31.98
2026-02-05T11:38:58.610919,NORMAL,1640544,4.029,-0.003447,-0.013888,-53,-75,0.5669,0.8167,5,192.168.31.98
2026-02-05T11:39:01.668207,ATTACK,1643565,4.098,0.0,0.0,-56,-71,1.1314,0.8164,4,192.168.31.98
2026-02-05T11:39:05.136590,ATTACK,1646583,4.08,-0.000842,-0.003438,-55,-75,0.8408,0.8162,4,192.168.31.98
2026-02-05T11:39:07.800231,NORMAL,1649605,4.003,-0.004705,-0.018838,-60,-72,-0.1085,0.8158,5,192.168.31.98
2026-02-05T11:39:10.734747,ATTACK,1652624,4.097,0.0,0.0,-61,-67,0.978,0.8155,3,192.168.31.98
2026-02-05T11:39:13.676119,NORMAL,1655646,3.991,-0.005341,-0.021313,-60,-75,-0.2106,0.8151,4,192.168.31.98
2026-02-05T11:39:16.779185,ATTACK,1658667,4.097,0.0,0.0,-54,-73,1.5183,0.8147,3,192.168.31.98
2026-02-05T11:39:19.780258,ATTACK,1661687,4.096,-5e-05,-0.000206,-55,-76,1.1581,0.8144,5,192.168.31.98
2026-02-05T11:39:22.808795,ATTACK,1664709,4.097,0.0,0.0,-58,-74,0.9502,0.814,3,192.168.31.98
2026-02-05T11:39:25.796567,ATTACK,1667728,4.095,-8.4e-05,-0.000344,-54,-73,1.4245,0.8137,3,192.168.31.98
2026-02-05T11:39:28.806426,NORMAL,1670747,4.027,-0.003483,-0.014025,-54,-74,0.7225,0.8134,2,192.168.31.98
2026-02-05T11:39:31.818975,ATTACK,1673768,4.029,0.0,0.0,-56,-67,1.5676,0.8131,6,192.168.31.98
